	sample	plate	well	fwd	rev	fwd_barcode	rev_barcode	fwd_rev
1	1	1	A01	bc018	bc019	AACGTCACT	AACTCCGTA	bc018_bc019
2	2	1	B01	bc060	bc019	ACACTCTAG	AACTCCGTA	bc060_bc019
3	3	1	C01	bc061	bc019	ACAGATGAG	AACTCCGTA	bc061_bc019
4	4	1	D01	bc062	bc019	ACAGTCCTT	AACTCCGTA	bc062_bc019
5	5	1	E01	bc095	bc019	ACTCCACAT	AACTCCGTA	bc095_bc019
6	6	1	F01	bc139	bc019	AGTCGCTAT	AACTCCGTA	bc139_bc019
7	7	1	G01	bc148	bc019	ATACCGTCG	AACTCCGTA	bc148_bc019
8	8	1	H01	bc157	bc019	ATCGCAGAG	AACTCCGTA	bc157_bc019
41	9	1	A02	bc018	bc062	AACGTCACT	ACAGTCCTT	bc018_bc062
42	10	1	B02	bc060	bc062	ACACTCTAG	ACAGTCCTT	bc060_bc062
43	11	1	C02	bc061	bc062	ACAGATGAG	ACAGTCCTT	bc061_bc062
44	12	1	D02	bc062	bc062	ACAGTCCTT	ACAGTCCTT	bc062_bc062
45	13	1	E02	bc095	bc062	ACTCCACAT	ACAGTCCTT	bc095_bc062
46	14	1	F02	bc139	bc062	AGTCGCTAT	ACAGTCCTT	bc139_bc062
47	15	1	G02	bc148	bc062	ATACCGTCG	ACAGTCCTT	bc148_bc062
48	16	1	H02	bc157	bc062	ATCGCAGAG	ACAGTCCTT	bc157_bc062
81	17	1	A03	bc018	bc065	AACGTCACT	ACATTGCCG	bc018_bc065
82	18	1	B03	bc060	bc065	ACACTCTAG	ACATTGCCG	bc060_bc065
83	19	1	C03	bc061	bc065	ACAGATGAG	ACATTGCCG	bc061_bc065
84	20	1	D03	bc062	bc065	ACAGTCCTT	ACATTGCCG	bc062_bc065
85	21	1	E03	bc095	bc065	ACTCCACAT	ACATTGCCG	bc095_bc065
86	22	1	F03	bc139	bc065	AGTCGCTAT	ACATTGCCG	bc139_bc065
87	23	1	G03	bc148	bc065	ATACCGTCG	ACATTGCCG	bc148_bc065
88	24	1	H03	bc157	bc065	ATCGCAGAG	ACATTGCCG	bc157_bc065
121	25	1	A04	bc018	bc082	AACGTCACT	ACGCAATCC	bc018_bc082
122	26	1	B04	bc060	bc082	ACACTCTAG	ACGCAATCC	bc060_bc082
123	27	1	C04	bc061	bc082	ACAGATGAG	ACGCAATCC	bc061_bc082
124	28	1	D04	bc062	bc082	ACAGTCCTT	ACGCAATCC	bc062_bc082
125	29	1	E04	bc095	bc082	ACTCCACAT	ACGCAATCC	bc095_bc082
126	30	1	F04	bc139	bc082	AGTCGCTAT	ACGCAATCC	bc139_bc082
127	31	1	G04	bc148	bc082	ATACCGTCG	ACGCAATCC	bc148_bc082
128	32	1	H04	bc157	bc082	ATCGCAGAG	ACGCAATCC	bc157_bc082
161	33	1	A05	bc018	bc120	AACGTCACT	AGCCGTAGA	bc018_bc120
162	34	1	B05	bc060	bc120	ACACTCTAG	AGCCGTAGA	bc060_bc120
163	35	1	C05	bc061	bc120	ACAGATGAG	AGCCGTAGA	bc061_bc120
164	36	1	D05	bc062	bc120	ACAGTCCTT	AGCCGTAGA	bc062_bc120
165	37	1	E05	bc095	bc120	ACTCCACAT	AGCCGTAGA	bc095_bc120
166	38	1	F05	bc139	bc120	AGTCGCTAT	AGCCGTAGA	bc139_bc120
167	39	1	G05	bc148	bc120	ATACCGTCG	AGCCGTAGA	bc148_bc120
168	40	1	H05	bc157	bc120	ATCGCAGAG	AGCCGTAGA	bc157_bc120
201	41	1	A06	bc018	bc139	AACGTCACT	AGTCGCTAT	bc018_bc139
202	42	1	B06	bc060	bc139	ACACTCTAG	AGTCGCTAT	bc060_bc139
203	43	1	C06	bc061	bc139	ACAGATGAG	AGTCGCTAT	bc061_bc139
204	44	1	D06	bc062	bc139	ACAGTCCTT	AGTCGCTAT	bc062_bc139
205	45	1	E06	bc095	bc139	ACTCCACAT	AGTCGCTAT	bc095_bc139
206	46	1	F06	bc139	bc139	AGTCGCTAT	AGTCGCTAT	bc139_bc139
207	47	1	G06	bc148	bc139	ATACCGTCG	AGTCGCTAT	bc148_bc139
208	48	1	H06	bc157	bc139	ATCGCAGAG	AGTCGCTAT	bc157_bc139
241	49	1	A07	bc018	bc145	AACGTCACT	AGTTCTAGG	bc018_bc145
242	50	1	B07	bc060	bc145	ACACTCTAG	AGTTCTAGG	bc060_bc145
243	51	1	C07	bc061	bc145	ACAGATGAG	AGTTCTAGG	bc061_bc145
244	52	1	D07	bc062	bc145	ACAGTCCTT	AGTTCTAGG	bc062_bc145
245	53	1	E07	bc095	bc145	ACTCCACAT	AGTTCTAGG	bc095_bc145
246	54	1	F07	bc139	bc145	AGTCGCTAT	AGTTCTAGG	bc139_bc145
247	55	1	G07	bc148	bc145	ATACCGTCG	AGTTCTAGG	bc148_bc145
248	56	1	H07	bc157	bc145	ATCGCAGAG	AGTTCTAGG	bc157_bc145
281	57	1	A08	bc018	bc150	AACGTCACT	ATAGGAAGG	bc018_bc150
282	58	1	B08	bc060	bc150	ACACTCTAG	ATAGGAAGG	bc060_bc150
283	59	1	C08	bc061	bc150	ACAGATGAG	ATAGGAAGG	bc061_bc150
284	60	1	D08	bc062	bc150	ACAGTCCTT	ATAGGAAGG	bc062_bc150
285	61	1	E08	bc095	bc150	ACTCCACAT	ATAGGAAGG	bc095_bc150
286	62	1	F08	bc139	bc150	AGTCGCTAT	ATAGGAAGG	bc139_bc150
287	63	1	G08	bc148	bc150	ATACCGTCG	ATAGGAAGG	bc148_bc150
288	64	1	H08	bc157	bc150	ATCGCAGAG	ATAGGAAGG	bc157_bc150
321	65	1	A09	bc018	bc183	AACGTCACT	CAAGTCTGG	bc018_bc183
322	66	1	B09	bc060	bc183	ACACTCTAG	CAAGTCTGG	bc060_bc183
323	67	1	C09	bc061	bc183	ACAGATGAG	CAAGTCTGG	bc061_bc183
324	68	1	D09	bc062	bc183	ACAGTCCTT	CAAGTCTGG	bc062_bc183
325	69	1	E09	bc095	bc183	ACTCCACAT	CAAGTCTGG	bc095_bc183
326	70	1	F09	bc139	bc183	AGTCGCTAT	CAAGTCTGG	bc139_bc183
327	71	1	G09	bc148	bc183	ATACCGTCG	CAAGTCTGG	bc148_bc183
328	72	1	H09	bc157	bc183	ATCGCAGAG	CAAGTCTGG	bc157_bc183
361	73	1	A10	bc018	bc218	AACGTCACT	CATGTTGCC	bc018_bc218
362	74	1	B10	bc060	bc218	ACACTCTAG	CATGTTGCC	bc060_bc218
363	75	1	C10	bc061	bc218	ACAGATGAG	CATGTTGCC	bc061_bc218
364	76	1	D10	bc062	bc218	ACAGTCCTT	CATGTTGCC	bc062_bc218
365	77	1	E10	bc095	bc218	ACTCCACAT	CATGTTGCC	bc095_bc218
366	78	1	F10	bc139	bc218	AGTCGCTAT	CATGTTGCC	bc139_bc218
367	79	1	G10	bc148	bc218	ATACCGTCG	CATGTTGCC	bc148_bc218
368	80	1	H10	bc157	bc218	ATCGCAGAG	CATGTTGCC	bc157_bc218
401	81	1	A11	bc018	bc219	AACGTCACT	CATTATCCG	bc018_bc219
402	82	1	B11	bc060	bc219	ACACTCTAG	CATTATCCG	bc060_bc219
403	83	1	C11	bc061	bc219	ACAGATGAG	CATTATCCG	bc061_bc219
404	84	1	D11	bc062	bc219	ACAGTCCTT	CATTATCCG	bc062_bc219
405	85	1	E11	bc095	bc219	ACTCCACAT	CATTATCCG	bc095_bc219
406	86	1	F11	bc139	bc219	AGTCGCTAT	CATTATCCG	bc139_bc219
407	87	1	G11	bc148	bc219	ATACCGTCG	CATTATCCG	bc148_bc219
408	88	1	H11	bc157	bc219	ATCGCAGAG	CATTATCCG	bc157_bc219
441	89	1	A12	bc018	bc245	AACGTCACT	CCGTTCAGA	bc018_bc245
442	90	1	B12	bc060	bc245	ACACTCTAG	CCGTTCAGA	bc060_bc245
443	91	1	C12	bc061	bc245	ACAGATGAG	CCGTTCAGA	bc061_bc245
444	92	1	D12	bc062	bc245	ACAGTCCTT	CCGTTCAGA	bc062_bc245
445	93	1	E12	bc095	bc245	ACTCCACAT	CCGTTCAGA	bc095_bc245
446	94	1	F12	bc139	bc245	AGTCGCTAT	CCGTTCAGA	bc139_bc245
447	95	1	G12	bc148	bc245	ATACCGTCG	CCGTTCAGA	bc148_bc245
448	96	1	H12	bc157	bc245	ATCGCAGAG	CCGTTCAGA	bc157_bc245
9	97	2	A01	bc168	bc019	ATGTGCAAG	AACTCCGTA	bc168_bc019
10	98	2	B01	bc183	bc019	CAAGTCTGG	AACTCCGTA	bc183_bc019
11	99	2	C01	bc192	bc019	CACCGATTG	AACTCCGTA	bc192_bc019
12	100	2	D01	bc205	bc019	CAGGTAGAG	AACTCCGTA	bc205_bc019
13	101	2	E01	bc219	bc019	CATTATCCG	AACTCCGTA	bc219_bc019
14	102	2	F01	bc220	bc019	CATTCCAAG	AACTCCGTA	bc220_bc019
15	103	2	G01	bc258	bc019	CCTTGCCAT	AACTCCGTA	bc258_bc019
16	104	2	H01	bc264	bc019	CGAGATGCT	AACTCCGTA	bc264_bc019
49	105	2	A02	bc168	bc062	ATGTGCAAG	ACAGTCCTT	bc168_bc062
50	106	2	B02	bc183	bc062	CAAGTCTGG	ACAGTCCTT	bc183_bc062
51	107	2	C02	bc192	bc062	CACCGATTG	ACAGTCCTT	bc192_bc062
52	108	2	D02	bc205	bc062	CAGGTAGAG	ACAGTCCTT	bc205_bc062
53	109	2	E02	bc219	bc062	CATTATCCG	ACAGTCCTT	bc219_bc062
54	110	2	F02	bc220	bc062	CATTCCAAG	ACAGTCCTT	bc220_bc062
55	111	2	G02	bc258	bc062	CCTTGCCAT	ACAGTCCTT	bc258_bc062
56	112	2	H02	bc264	bc062	CGAGATGCT	ACAGTCCTT	bc264_bc062
89	113	2	A03	bc168	bc065	ATGTGCAAG	ACATTGCCG	bc168_bc065
90	114	2	B03	bc183	bc065	CAAGTCTGG	ACATTGCCG	bc183_bc065
91	115	2	C03	bc192	bc065	CACCGATTG	ACATTGCCG	bc192_bc065
92	116	2	D03	bc205	bc065	CAGGTAGAG	ACATTGCCG	bc205_bc065
93	117	2	E03	bc219	bc065	CATTATCCG	ACATTGCCG	bc219_bc065
94	118	2	F03	bc220	bc065	CATTCCAAG	ACATTGCCG	bc220_bc065
95	119	2	G03	bc258	bc065	CCTTGCCAT	ACATTGCCG	bc258_bc065
96	120	2	H03	bc264	bc065	CGAGATGCT	ACATTGCCG	bc264_bc065
129	121	2	A04	bc168	bc082	ATGTGCAAG	ACGCAATCC	bc168_bc082
130	122	2	B04	bc183	bc082	CAAGTCTGG	ACGCAATCC	bc183_bc082
131	123	2	C04	bc192	bc082	CACCGATTG	ACGCAATCC	bc192_bc082
132	124	2	D04	bc205	bc082	CAGGTAGAG	ACGCAATCC	bc205_bc082
133	125	2	E04	bc219	bc082	CATTATCCG	ACGCAATCC	bc219_bc082
134	126	2	F04	bc220	bc082	CATTCCAAG	ACGCAATCC	bc220_bc082
135	127	2	G04	bc258	bc082	CCTTGCCAT	ACGCAATCC	bc258_bc082
136	128	2	H04	bc264	bc082	CGAGATGCT	ACGCAATCC	bc264_bc082
169	129	2	A05	bc168	bc120	ATGTGCAAG	AGCCGTAGA	bc168_bc120
170	130	2	B05	bc183	bc120	CAAGTCTGG	AGCCGTAGA	bc183_bc120
171	131	2	C05	bc192	bc120	CACCGATTG	AGCCGTAGA	bc192_bc120
172	132	2	D05	bc205	bc120	CAGGTAGAG	AGCCGTAGA	bc205_bc120
173	133	2	E05	bc219	bc120	CATTATCCG	AGCCGTAGA	bc219_bc120
174	134	2	F05	bc220	bc120	CATTCCAAG	AGCCGTAGA	bc220_bc120
175	135	2	G05	bc258	bc120	CCTTGCCAT	AGCCGTAGA	bc258_bc120
176	136	2	H05	bc264	bc120	CGAGATGCT	AGCCGTAGA	bc264_bc120
209	137	2	A06	bc168	bc139	ATGTGCAAG	AGTCGCTAT	bc168_bc139
210	138	2	B06	bc183	bc139	CAAGTCTGG	AGTCGCTAT	bc183_bc139
211	139	2	C06	bc192	bc139	CACCGATTG	AGTCGCTAT	bc192_bc139
212	140	2	D06	bc205	bc139	CAGGTAGAG	AGTCGCTAT	bc205_bc139
213	141	2	E06	bc219	bc139	CATTATCCG	AGTCGCTAT	bc219_bc139
214	142	2	F06	bc220	bc139	CATTCCAAG	AGTCGCTAT	bc220_bc139
215	143	2	G06	bc258	bc139	CCTTGCCAT	AGTCGCTAT	bc258_bc139
216	144	2	H06	bc264	bc139	CGAGATGCT	AGTCGCTAT	bc264_bc139
249	145	2	A07	bc168	bc145	ATGTGCAAG	AGTTCTAGG	bc168_bc145
250	146	2	B07	bc183	bc145	CAAGTCTGG	AGTTCTAGG	bc183_bc145
251	147	2	C07	bc192	bc145	CACCGATTG	AGTTCTAGG	bc192_bc145
252	148	2	D07	bc205	bc145	CAGGTAGAG	AGTTCTAGG	bc205_bc145
253	149	2	E07	bc219	bc145	CATTATCCG	AGTTCTAGG	bc219_bc145
254	150	2	F07	bc220	bc145	CATTCCAAG	AGTTCTAGG	bc220_bc145
255	151	2	G07	bc258	bc145	CCTTGCCAT	AGTTCTAGG	bc258_bc145
256	152	2	H07	bc264	bc145	CGAGATGCT	AGTTCTAGG	bc264_bc145
289	153	2	A08	bc168	bc150	ATGTGCAAG	ATAGGAAGG	bc168_bc150
290	154	2	B08	bc183	bc150	CAAGTCTGG	ATAGGAAGG	bc183_bc150
291	155	2	C08	bc192	bc150	CACCGATTG	ATAGGAAGG	bc192_bc150
292	156	2	D08	bc205	bc150	CAGGTAGAG	ATAGGAAGG	bc205_bc150
293	157	2	E08	bc219	bc150	CATTATCCG	ATAGGAAGG	bc219_bc150
294	158	2	F08	bc220	bc150	CATTCCAAG	ATAGGAAGG	bc220_bc150
295	159	2	G08	bc258	bc150	CCTTGCCAT	ATAGGAAGG	bc258_bc150
296	160	2	H08	bc264	bc150	CGAGATGCT	ATAGGAAGG	bc264_bc150
329	161	2	A09	bc168	bc183	ATGTGCAAG	CAAGTCTGG	bc168_bc183
330	162	2	B09	bc183	bc183	CAAGTCTGG	CAAGTCTGG	bc183_bc183
331	163	2	C09	bc192	bc183	CACCGATTG	CAAGTCTGG	bc192_bc183
332	164	2	D09	bc205	bc183	CAGGTAGAG	CAAGTCTGG	bc205_bc183
333	165	2	E09	bc219	bc183	CATTATCCG	CAAGTCTGG	bc219_bc183
334	166	2	F09	bc220	bc183	CATTCCAAG	CAAGTCTGG	bc220_bc183
335	167	2	G09	bc258	bc183	CCTTGCCAT	CAAGTCTGG	bc258_bc183
336	168	2	H09	bc264	bc183	CGAGATGCT	CAAGTCTGG	bc264_bc183
369	169	2	A10	bc168	bc218	ATGTGCAAG	CATGTTGCC	bc168_bc218
370	170	2	B10	bc183	bc218	CAAGTCTGG	CATGTTGCC	bc183_bc218
371	171	2	C10	bc192	bc218	CACCGATTG	CATGTTGCC	bc192_bc218
372	172	2	D10	bc205	bc218	CAGGTAGAG	CATGTTGCC	bc205_bc218
373	173	2	E10	bc219	bc218	CATTATCCG	CATGTTGCC	bc219_bc218
374	174	2	F10	bc220	bc218	CATTCCAAG	CATGTTGCC	bc220_bc218
375	175	2	G10	bc258	bc218	CCTTGCCAT	CATGTTGCC	bc258_bc218
376	176	2	H10	bc264	bc218	CGAGATGCT	CATGTTGCC	bc264_bc218
409	177	2	A11	bc168	bc219	ATGTGCAAG	CATTATCCG	bc168_bc219
410	178	2	B11	bc183	bc219	CAAGTCTGG	CATTATCCG	bc183_bc219
411	179	2	C11	bc192	bc219	CACCGATTG	CATTATCCG	bc192_bc219
412	180	2	D11	bc205	bc219	CAGGTAGAG	CATTATCCG	bc205_bc219
413	181	2	E11	bc219	bc219	CATTATCCG	CATTATCCG	bc219_bc219
414	182	2	F11	bc220	bc219	CATTCCAAG	CATTATCCG	bc220_bc219
415	183	2	G11	bc258	bc219	CCTTGCCAT	CATTATCCG	bc258_bc219
416	184	2	H11	bc264	bc219	CGAGATGCT	CATTATCCG	bc264_bc219
449	185	2	A12	bc168	bc245	ATGTGCAAG	CCGTTCAGA	bc168_bc245
450	186	2	B12	bc183	bc245	CAAGTCTGG	CCGTTCAGA	bc183_bc245
451	187	2	C12	bc192	bc245	CACCGATTG	CCGTTCAGA	bc192_bc245
452	188	2	D12	bc205	bc245	CAGGTAGAG	CCGTTCAGA	bc205_bc245
453	189	2	E12	bc219	bc245	CATTATCCG	CCGTTCAGA	bc219_bc245
454	190	2	F12	bc220	bc245	CATTCCAAG	CCGTTCAGA	bc220_bc245
455	191	2	G12	bc258	bc245	CCTTGCCAT	CCGTTCAGA	bc258_bc245
456	192	2	H12	bc264	bc245	CGAGATGCT	CCGTTCAGA	bc264_bc245
17	193	3	A01	bc272	bc019	CGCCATCTT	AACTCCGTA	bc272_bc019
18	194	3	B01	bc277	bc019	CGCTTCGTT	AACTCCGTA	bc277_bc019
19	195	3	C01	bc282	bc019	CGGTACTAG	AACTCCGTA	bc282_bc019
20	196	3	D01	bc286	bc019	CGTCATAAG	AACTCCGTA	bc286_bc019
21	197	3	E01	bc298	bc019	CTACTGGTG	AACTCCGTA	bc298_bc019
22	198	3	F01	bc314	bc019	CTCTTATCG	AACTCCGTA	bc314_bc019
23	199	3	G01	bc321	bc019	CTGTCCGAT	AACTCCGTA	bc321_bc019
24	200	3	H01	bc324	bc019	CTTAGAGAG	AACTCCGTA	bc324_bc019
57	201	3	A02	bc272	bc062	CGCCATCTT	ACAGTCCTT	bc272_bc062
58	202	3	B02	bc277	bc062	CGCTTCGTT	ACAGTCCTT	bc277_bc062
59	203	3	C02	bc282	bc062	CGGTACTAG	ACAGTCCTT	bc282_bc062
60	204	3	D02	bc286	bc062	CGTCATAAG	ACAGTCCTT	bc286_bc062
61	205	3	E02	bc298	bc062	CTACTGGTG	ACAGTCCTT	bc298_bc062
62	206	3	F02	bc314	bc062	CTCTTATCG	ACAGTCCTT	bc314_bc062
63	207	3	G02	bc321	bc062	CTGTCCGAT	ACAGTCCTT	bc321_bc062
64	208	3	H02	bc324	bc062	CTTAGAGAG	ACAGTCCTT	bc324_bc062
97	209	3	A03	bc272	bc065	CGCCATCTT	ACATTGCCG	bc272_bc065
98	210	3	B03	bc277	bc065	CGCTTCGTT	ACATTGCCG	bc277_bc065
99	211	3	C03	bc282	bc065	CGGTACTAG	ACATTGCCG	bc282_bc065
100	212	3	D03	bc286	bc065	CGTCATAAG	ACATTGCCG	bc286_bc065
101	213	3	E03	bc298	bc065	CTACTGGTG	ACATTGCCG	bc298_bc065
102	214	3	F03	bc314	bc065	CTCTTATCG	ACATTGCCG	bc314_bc065
103	215	3	G03	bc321	bc065	CTGTCCGAT	ACATTGCCG	bc321_bc065
104	216	3	H03	bc324	bc065	CTTAGAGAG	ACATTGCCG	bc324_bc065
137	217	3	A04	bc272	bc082	CGCCATCTT	ACGCAATCC	bc272_bc082
138	218	3	B04	bc277	bc082	CGCTTCGTT	ACGCAATCC	bc277_bc082
139	219	3	C04	bc282	bc082	CGGTACTAG	ACGCAATCC	bc282_bc082
140	220	3	D04	bc286	bc082	CGTCATAAG	ACGCAATCC	bc286_bc082
141	221	3	E04	bc298	bc082	CTACTGGTG	ACGCAATCC	bc298_bc082
142	222	3	F04	bc314	bc082	CTCTTATCG	ACGCAATCC	bc314_bc082
143	223	3	G04	bc321	bc082	CTGTCCGAT	ACGCAATCC	bc321_bc082
144	224	3	H04	bc324	bc082	CTTAGAGAG	ACGCAATCC	bc324_bc082
177	225	3	A05	bc272	bc120	CGCCATCTT	AGCCGTAGA	bc272_bc120
178	226	3	B05	bc277	bc120	CGCTTCGTT	AGCCGTAGA	bc277_bc120
179	227	3	C05	bc282	bc120	CGGTACTAG	AGCCGTAGA	bc282_bc120
180	228	3	D05	bc286	bc120	CGTCATAAG	AGCCGTAGA	bc286_bc120
181	229	3	E05	bc298	bc120	CTACTGGTG	AGCCGTAGA	bc298_bc120
182	230	3	F05	bc314	bc120	CTCTTATCG	AGCCGTAGA	bc314_bc120
183	231	3	G05	bc321	bc120	CTGTCCGAT	AGCCGTAGA	bc321_bc120
184	232	3	H05	bc324	bc120	CTTAGAGAG	AGCCGTAGA	bc324_bc120
217	233	3	A06	bc272	bc139	CGCCATCTT	AGTCGCTAT	bc272_bc139
218	234	3	B06	bc277	bc139	CGCTTCGTT	AGTCGCTAT	bc277_bc139
219	235	3	C06	bc282	bc139	CGGTACTAG	AGTCGCTAT	bc282_bc139
220	236	3	D06	bc286	bc139	CGTCATAAG	AGTCGCTAT	bc286_bc139
221	237	3	E06	bc298	bc139	CTACTGGTG	AGTCGCTAT	bc298_bc139
222	238	3	F06	bc314	bc139	CTCTTATCG	AGTCGCTAT	bc314_bc139
223	239	3	G06	bc321	bc139	CTGTCCGAT	AGTCGCTAT	bc321_bc139
224	240	3	H06	bc324	bc139	CTTAGAGAG	AGTCGCTAT	bc324_bc139
257	241	3	A07	bc272	bc145	CGCCATCTT	AGTTCTAGG	bc272_bc145
258	242	3	B07	bc277	bc145	CGCTTCGTT	AGTTCTAGG	bc277_bc145
259	243	3	C07	bc282	bc145	CGGTACTAG	AGTTCTAGG	bc282_bc145
260	244	3	D07	bc286	bc145	CGTCATAAG	AGTTCTAGG	bc286_bc145
261	245	3	E07	bc298	bc145	CTACTGGTG	AGTTCTAGG	bc298_bc145
262	246	3	F07	bc314	bc145	CTCTTATCG	AGTTCTAGG	bc314_bc145
263	247	3	G07	bc321	bc145	CTGTCCGAT	AGTTCTAGG	bc321_bc145
264	248	3	H07	bc324	bc145	CTTAGAGAG	AGTTCTAGG	bc324_bc145
297	249	3	A08	bc272	bc150	CGCCATCTT	ATAGGAAGG	bc272_bc150
298	250	3	B08	bc277	bc150	CGCTTCGTT	ATAGGAAGG	bc277_bc150
299	251	3	C08	bc282	bc150	CGGTACTAG	ATAGGAAGG	bc282_bc150
300	252	3	D08	bc286	bc150	CGTCATAAG	ATAGGAAGG	bc286_bc150
301	253	3	E08	bc298	bc150	CTACTGGTG	ATAGGAAGG	bc298_bc150
302	254	3	F08	bc314	bc150	CTCTTATCG	ATAGGAAGG	bc314_bc150
303	255	3	G08	bc321	bc150	CTGTCCGAT	ATAGGAAGG	bc321_bc150
304	256	3	H08	bc324	bc150	CTTAGAGAG	ATAGGAAGG	bc324_bc150
337	257	3	A09	bc272	bc183	CGCCATCTT	CAAGTCTGG	bc272_bc183
338	258	3	B09	bc277	bc183	CGCTTCGTT	CAAGTCTGG	bc277_bc183
339	259	3	C09	bc282	bc183	CGGTACTAG	CAAGTCTGG	bc282_bc183
340	260	3	D09	bc286	bc183	CGTCATAAG	CAAGTCTGG	bc286_bc183
341	261	3	E09	bc298	bc183	CTACTGGTG	CAAGTCTGG	bc298_bc183
342	262	3	F09	bc314	bc183	CTCTTATCG	CAAGTCTGG	bc314_bc183
343	263	3	G09	bc321	bc183	CTGTCCGAT	CAAGTCTGG	bc321_bc183
344	264	3	H09	bc324	bc183	CTTAGAGAG	CAAGTCTGG	bc324_bc183
377	265	3	A10	bc272	bc218	CGCCATCTT	CATGTTGCC	bc272_bc218
378	266	3	B10	bc277	bc218	CGCTTCGTT	CATGTTGCC	bc277_bc218
379	267	3	C10	bc282	bc218	CGGTACTAG	CATGTTGCC	bc282_bc218
380	268	3	D10	bc286	bc218	CGTCATAAG	CATGTTGCC	bc286_bc218
381	269	3	E10	bc298	bc218	CTACTGGTG	CATGTTGCC	bc298_bc218
382	270	3	F10	bc314	bc218	CTCTTATCG	CATGTTGCC	bc314_bc218
383	271	3	G10	bc321	bc218	CTGTCCGAT	CATGTTGCC	bc321_bc218
384	272	3	H10	bc324	bc218	CTTAGAGAG	CATGTTGCC	bc324_bc218
417	273	3	A11	bc272	bc219	CGCCATCTT	CATTATCCG	bc272_bc219
418	274	3	B11	bc277	bc219	CGCTTCGTT	CATTATCCG	bc277_bc219
419	275	3	C11	bc282	bc219	CGGTACTAG	CATTATCCG	bc282_bc219
420	276	3	D11	bc286	bc219	CGTCATAAG	CATTATCCG	bc286_bc219
421	277	3	E11	bc298	bc219	CTACTGGTG	CATTATCCG	bc298_bc219
422	278	3	F11	bc314	bc219	CTCTTATCG	CATTATCCG	bc314_bc219
423	279	3	G11	bc321	bc219	CTGTCCGAT	CATTATCCG	bc321_bc219
424	280	3	H11	bc324	bc219	CTTAGAGAG	CATTATCCG	bc324_bc219
457	281	3	A12	bc272	bc245	CGCCATCTT	CCGTTCAGA	bc272_bc245
458	282	3	B12	bc277	bc245	CGCTTCGTT	CCGTTCAGA	bc277_bc245
459	283	3	C12	bc282	bc245	CGGTACTAG	CCGTTCAGA	bc282_bc245
460	284	3	D12	bc286	bc245	CGTCATAAG	CCGTTCAGA	bc286_bc245
461	285	3	E12	bc298	bc245	CTACTGGTG	CCGTTCAGA	bc298_bc245
462	286	3	F12	bc314	bc245	CTCTTATCG	CCGTTCAGA	bc314_bc245
463	287	3	G12	bc321	bc245	CTGTCCGAT	CCGTTCAGA	bc321_bc245
464	288	3	H12	bc324	bc245	CTTAGAGAG	CCGTTCAGA	bc324_bc245
25	289	4	A01	bc327	bc019	CTTGACGTT	AACTCCGTA	bc327_bc019
26	290	4	B01	bc357	bc019	GATACTTCG	AACTCCGTA	bc357_bc019
27	291	4	C01	bc361	bc019	GATGGTAAG	AACTCCGTA	bc361_bc019
28	292	4	D01	bc362	bc019	GATGTACTG	AACTCCGTA	bc362_bc019
29	293	4	E01	bc368	bc019	GCACGTAAT	AACTCCGTA	bc368_bc019
30	294	4	F01	bc370	bc019	GCAGAGGTT	AACTCCGTA	bc370_bc019
31	295	4	G01	bc377	bc019	GCCTCATAT	AACTCCGTA	bc377_bc019
32	296	4	H01	bc406	bc019	GGATTCATG	AACTCCGTA	bc406_bc019
65	297	4	A02	bc327	bc062	CTTGACGTT	ACAGTCCTT	bc327_bc062
66	298	4	B02	bc357	bc062	GATACTTCG	ACAGTCCTT	bc357_bc062
67	299	4	C02	bc361	bc062	GATGGTAAG	ACAGTCCTT	bc361_bc062
68	300	4	D02	bc362	bc062	GATGTACTG	ACAGTCCTT	bc362_bc062
69	301	4	E02	bc368	bc062	GCACGTAAT	ACAGTCCTT	bc368_bc062
70	302	4	F02	bc370	bc062	GCAGAGGTT	ACAGTCCTT	bc370_bc062
71	303	4	G02	bc377	bc062	GCCTCATAT	ACAGTCCTT	bc377_bc062
72	304	4	H02	bc406	bc062	GGATTCATG	ACAGTCCTT	bc406_bc062
105	305	4	A03	bc327	bc065	CTTGACGTT	ACATTGCCG	bc327_bc065
106	306	4	B03	bc357	bc065	GATACTTCG	ACATTGCCG	bc357_bc065
107	307	4	C03	bc361	bc065	GATGGTAAG	ACATTGCCG	bc361_bc065
108	308	4	D03	bc362	bc065	GATGTACTG	ACATTGCCG	bc362_bc065
109	309	4	E03	bc368	bc065	GCACGTAAT	ACATTGCCG	bc368_bc065
110	310	4	F03	bc370	bc065	GCAGAGGTT	ACATTGCCG	bc370_bc065
111	311	4	G03	bc377	bc065	GCCTCATAT	ACATTGCCG	bc377_bc065
112	312	4	H03	bc406	bc065	GGATTCATG	ACATTGCCG	bc406_bc065
145	313	4	A04	bc327	bc082	CTTGACGTT	ACGCAATCC	bc327_bc082
146	314	4	B04	bc357	bc082	GATACTTCG	ACGCAATCC	bc357_bc082
147	315	4	C04	bc361	bc082	GATGGTAAG	ACGCAATCC	bc361_bc082
148	316	4	D04	bc362	bc082	GATGTACTG	ACGCAATCC	bc362_bc082
149	317	4	E04	bc368	bc082	GCACGTAAT	ACGCAATCC	bc368_bc082
150	318	4	F04	bc370	bc082	GCAGAGGTT	ACGCAATCC	bc370_bc082
151	319	4	G04	bc377	bc082	GCCTCATAT	ACGCAATCC	bc377_bc082
152	320	4	H04	bc406	bc082	GGATTCATG	ACGCAATCC	bc406_bc082
185	321	4	A05	bc327	bc120	CTTGACGTT	AGCCGTAGA	bc327_bc120
186	322	4	B05	bc357	bc120	GATACTTCG	AGCCGTAGA	bc357_bc120
187	323	4	C05	bc361	bc120	GATGGTAAG	AGCCGTAGA	bc361_bc120
188	324	4	D05	bc362	bc120	GATGTACTG	AGCCGTAGA	bc362_bc120
189	325	4	E05	bc368	bc120	GCACGTAAT	AGCCGTAGA	bc368_bc120
190	326	4	F05	bc370	bc120	GCAGAGGTT	AGCCGTAGA	bc370_bc120
191	327	4	G05	bc377	bc120	GCCTCATAT	AGCCGTAGA	bc377_bc120
192	328	4	H05	bc406	bc120	GGATTCATG	AGCCGTAGA	bc406_bc120
225	329	4	A06	bc327	bc139	CTTGACGTT	AGTCGCTAT	bc327_bc139
226	330	4	B06	bc357	bc139	GATACTTCG	AGTCGCTAT	bc357_bc139
227	331	4	C06	bc361	bc139	GATGGTAAG	AGTCGCTAT	bc361_bc139
228	332	4	D06	bc362	bc139	GATGTACTG	AGTCGCTAT	bc362_bc139
229	333	4	E06	bc368	bc139	GCACGTAAT	AGTCGCTAT	bc368_bc139
230	334	4	F06	bc370	bc139	GCAGAGGTT	AGTCGCTAT	bc370_bc139
231	335	4	G06	bc377	bc139	GCCTCATAT	AGTCGCTAT	bc377_bc139
232	336	4	H06	bc406	bc139	GGATTCATG	AGTCGCTAT	bc406_bc139
265	337	4	A07	bc327	bc145	CTTGACGTT	AGTTCTAGG	bc327_bc145
266	338	4	B07	bc357	bc145	GATACTTCG	AGTTCTAGG	bc357_bc145
267	339	4	C07	bc361	bc145	GATGGTAAG	AGTTCTAGG	bc361_bc145
268	340	4	D07	bc362	bc145	GATGTACTG	AGTTCTAGG	bc362_bc145
269	341	4	E07	bc368	bc145	GCACGTAAT	AGTTCTAGG	bc368_bc145
270	342	4	F07	bc370	bc145	GCAGAGGTT	AGTTCTAGG	bc370_bc145
271	343	4	G07	bc377	bc145	GCCTCATAT	AGTTCTAGG	bc377_bc145
272	344	4	H07	bc406	bc145	GGATTCATG	AGTTCTAGG	bc406_bc145
305	345	4	A08	bc327	bc150	CTTGACGTT	ATAGGAAGG	bc327_bc150
306	346	4	B08	bc357	bc150	GATACTTCG	ATAGGAAGG	bc357_bc150
307	347	4	C08	bc361	bc150	GATGGTAAG	ATAGGAAGG	bc361_bc150
308	348	4	D08	bc362	bc150	GATGTACTG	ATAGGAAGG	bc362_bc150
309	349	4	E08	bc368	bc150	GCACGTAAT	ATAGGAAGG	bc368_bc150
310	350	4	F08	bc370	bc150	GCAGAGGTT	ATAGGAAGG	bc370_bc150
311	351	4	G08	bc377	bc150	GCCTCATAT	ATAGGAAGG	bc377_bc150
312	352	4	H08	bc406	bc150	GGATTCATG	ATAGGAAGG	bc406_bc150
345	353	4	A09	bc327	bc183	CTTGACGTT	CAAGTCTGG	bc327_bc183
346	354	4	B09	bc357	bc183	GATACTTCG	CAAGTCTGG	bc357_bc183
347	355	4	C09	bc361	bc183	GATGGTAAG	CAAGTCTGG	bc361_bc183
348	356	4	D09	bc362	bc183	GATGTACTG	CAAGTCTGG	bc362_bc183
349	357	4	E09	bc368	bc183	GCACGTAAT	CAAGTCTGG	bc368_bc183
350	358	4	F09	bc370	bc183	GCAGAGGTT	CAAGTCTGG	bc370_bc183
351	359	4	G09	bc377	bc183	GCCTCATAT	CAAGTCTGG	bc377_bc183
352	360	4	H09	bc406	bc183	GGATTCATG	CAAGTCTGG	bc406_bc183
385	361	4	A10	bc327	bc218	CTTGACGTT	CATGTTGCC	bc327_bc218
386	362	4	B10	bc357	bc218	GATACTTCG	CATGTTGCC	bc357_bc218
387	363	4	C10	bc361	bc218	GATGGTAAG	CATGTTGCC	bc361_bc218
388	364	4	D10	bc362	bc218	GATGTACTG	CATGTTGCC	bc362_bc218
389	365	4	E10	bc368	bc218	GCACGTAAT	CATGTTGCC	bc368_bc218
390	366	4	F10	bc370	bc218	GCAGAGGTT	CATGTTGCC	bc370_bc218
391	367	4	G10	bc377	bc218	GCCTCATAT	CATGTTGCC	bc377_bc218
392	368	4	H10	bc406	bc218	GGATTCATG	CATGTTGCC	bc406_bc218
425	369	4	A11	bc327	bc219	CTTGACGTT	CATTATCCG	bc327_bc219
426	370	4	B11	bc357	bc219	GATACTTCG	CATTATCCG	bc357_bc219
427	371	4	C11	bc361	bc219	GATGGTAAG	CATTATCCG	bc361_bc219
428	372	4	D11	bc362	bc219	GATGTACTG	CATTATCCG	bc362_bc219
429	373	4	E11	bc368	bc219	GCACGTAAT	CATTATCCG	bc368_bc219
430	374	4	F11	bc370	bc219	GCAGAGGTT	CATTATCCG	bc370_bc219
431	375	4	G11	bc377	bc219	GCCTCATAT	CATTATCCG	bc377_bc219
432	376	4	H11	bc406	bc219	GGATTCATG	CATTATCCG	bc406_bc219
465	377	4	A12	bc327	bc245	CTTGACGTT	CCGTTCAGA	bc327_bc245
466	378	4	B12	bc357	bc245	GATACTTCG	CCGTTCAGA	bc357_bc245
467	379	4	C12	bc361	bc245	GATGGTAAG	CCGTTCAGA	bc361_bc245
468	380	4	D12	bc362	bc245	GATGTACTG	CCGTTCAGA	bc362_bc245
469	381	4	E12	bc368	bc245	GCACGTAAT	CCGTTCAGA	bc368_bc245
470	382	4	F12	bc370	bc245	GCAGAGGTT	CCGTTCAGA	bc370_bc245
471	383	4	G12	bc377	bc245	GCCTCATAT	CCGTTCAGA	bc377_bc245
472	384	4	H12	bc406	bc245	GGATTCATG	CCGTTCAGA	bc406_bc245
33	385	5	A01	bc411	bc019	GGTCTATGG	AACTCCGTA	bc411_bc019
34	386	5	B01	bc418	bc019	GTAAGCCTG	AACTCCGTA	bc418_bc019
35	387	5	C01	bc449	bc019	GTTCGTCCT	AACTCCGTA	bc449_bc019
36	388	5	D01	bc462	bc019	TACGCATGG	AACTCCGTA	bc462_bc019
37	389	5	E01	bc485	bc019	TCCACAATG	AACTCCGTA	bc485_bc019
38	390	5	F01	bc486	bc019	TCCAGGTCT	AACTCCGTA	bc486_bc019
39	391	5	G01	bc494	bc019	TCGAGTGAT	AACTCCGTA	bc494_bc019
40	392	5	H01	bc538	bc019	TTAAGGTGG	AACTCCGTA	bc538_bc019
73	393	5	A02	bc411	bc062	GGTCTATGG	ACAGTCCTT	bc411_bc062
74	394	5	B02	bc418	bc062	GTAAGCCTG	ACAGTCCTT	bc418_bc062
75	395	5	C02	bc449	bc062	GTTCGTCCT	ACAGTCCTT	bc449_bc062
76	396	5	D02	bc462	bc062	TACGCATGG	ACAGTCCTT	bc462_bc062
77	397	5	E02	bc485	bc062	TCCACAATG	ACAGTCCTT	bc485_bc062
78	398	5	F02	bc486	bc062	TCCAGGTCT	ACAGTCCTT	bc486_bc062
79	399	5	G02	bc494	bc062	TCGAGTGAT	ACAGTCCTT	bc494_bc062
80	400	5	H02	bc538	bc062	TTAAGGTGG	ACAGTCCTT	bc538_bc062
113	401	5	A03	bc411	bc065	GGTCTATGG	ACATTGCCG	bc411_bc065
114	402	5	B03	bc418	bc065	GTAAGCCTG	ACATTGCCG	bc418_bc065
115	403	5	C03	bc449	bc065	GTTCGTCCT	ACATTGCCG	bc449_bc065
116	404	5	D03	bc462	bc065	TACGCATGG	ACATTGCCG	bc462_bc065
117	405	5	E03	bc485	bc065	TCCACAATG	ACATTGCCG	bc485_bc065
118	406	5	F03	bc486	bc065	TCCAGGTCT	ACATTGCCG	bc486_bc065
119	407	5	G03	bc494	bc065	TCGAGTGAT	ACATTGCCG	bc494_bc065
120	408	5	H03	bc538	bc065	TTAAGGTGG	ACATTGCCG	bc538_bc065
153	409	5	A04	bc411	bc082	GGTCTATGG	ACGCAATCC	bc411_bc082
154	410	5	B04	bc418	bc082	GTAAGCCTG	ACGCAATCC	bc418_bc082
155	411	5	C04	bc449	bc082	GTTCGTCCT	ACGCAATCC	bc449_bc082
156	412	5	D04	bc462	bc082	TACGCATGG	ACGCAATCC	bc462_bc082
157	413	5	E04	bc485	bc082	TCCACAATG	ACGCAATCC	bc485_bc082
158	414	5	F04	bc486	bc082	TCCAGGTCT	ACGCAATCC	bc486_bc082
159	415	5	G04	bc494	bc082	TCGAGTGAT	ACGCAATCC	bc494_bc082
160	416	5	H04	bc538	bc082	TTAAGGTGG	ACGCAATCC	bc538_bc082
193	417	5	A05	bc411	bc120	GGTCTATGG	AGCCGTAGA	bc411_bc120
194	418	5	B05	bc418	bc120	GTAAGCCTG	AGCCGTAGA	bc418_bc120
195	419	5	C05	bc449	bc120	GTTCGTCCT	AGCCGTAGA	bc449_bc120
196	420	5	D05	bc462	bc120	TACGCATGG	AGCCGTAGA	bc462_bc120
197	421	5	E05	bc485	bc120	TCCACAATG	AGCCGTAGA	bc485_bc120
198	422	5	F05	bc486	bc120	TCCAGGTCT	AGCCGTAGA	bc486_bc120
199	423	5	G05	bc494	bc120	TCGAGTGAT	AGCCGTAGA	bc494_bc120
200	424	5	H05	bc538	bc120	TTAAGGTGG	AGCCGTAGA	bc538_bc120
233	425	5	A06	bc411	bc139	GGTCTATGG	AGTCGCTAT	bc411_bc139
234	426	5	B06	bc418	bc139	GTAAGCCTG	AGTCGCTAT	bc418_bc139
235	427	5	C06	bc449	bc139	GTTCGTCCT	AGTCGCTAT	bc449_bc139
236	428	5	D06	bc462	bc139	TACGCATGG	AGTCGCTAT	bc462_bc139
237	429	5	E06	bc485	bc139	TCCACAATG	AGTCGCTAT	bc485_bc139
238	430	5	F06	bc486	bc139	TCCAGGTCT	AGTCGCTAT	bc486_bc139
239	431	5	G06	bc494	bc139	TCGAGTGAT	AGTCGCTAT	bc494_bc139
240	432	5	H06	bc538	bc139	TTAAGGTGG	AGTCGCTAT	bc538_bc139
273	433	5	A07	bc411	bc145	GGTCTATGG	AGTTCTAGG	bc411_bc145
274	434	5	B07	bc418	bc145	GTAAGCCTG	AGTTCTAGG	bc418_bc145
275	435	5	C07	bc449	bc145	GTTCGTCCT	AGTTCTAGG	bc449_bc145
276	436	5	D07	bc462	bc145	TACGCATGG	AGTTCTAGG	bc462_bc145
277	437	5	E07	bc485	bc145	TCCACAATG	AGTTCTAGG	bc485_bc145
278	438	5	F07	bc486	bc145	TCCAGGTCT	AGTTCTAGG	bc486_bc145
279	439	5	G07	bc494	bc145	TCGAGTGAT	AGTTCTAGG	bc494_bc145
280	440	5	H07	bc538	bc145	TTAAGGTGG	AGTTCTAGG	bc538_bc145
313	441	5	A08	bc411	bc150	GGTCTATGG	ATAGGAAGG	bc411_bc150
314	442	5	B08	bc418	bc150	GTAAGCCTG	ATAGGAAGG	bc418_bc150
315	443	5	C08	bc449	bc150	GTTCGTCCT	ATAGGAAGG	bc449_bc150
316	444	5	D08	bc462	bc150	TACGCATGG	ATAGGAAGG	bc462_bc150
317	445	5	E08	bc485	bc150	TCCACAATG	ATAGGAAGG	bc485_bc150
318	446	5	F08	bc486	bc150	TCCAGGTCT	ATAGGAAGG	bc486_bc150
319	447	5	G08	bc494	bc150	TCGAGTGAT	ATAGGAAGG	bc494_bc150
320	448	5	H08	bc538	bc150	TTAAGGTGG	ATAGGAAGG	bc538_bc150
353	449	5	A09	bc411	bc183	GGTCTATGG	CAAGTCTGG	bc411_bc183
354	450	5	B09	bc418	bc183	GTAAGCCTG	CAAGTCTGG	bc418_bc183
355	451	5	C09	bc449	bc183	GTTCGTCCT	CAAGTCTGG	bc449_bc183
356	452	5	D09	bc462	bc183	TACGCATGG	CAAGTCTGG	bc462_bc183
357	453	5	E09	bc485	bc183	TCCACAATG	CAAGTCTGG	bc485_bc183
358	454	5	F09	bc486	bc183	TCCAGGTCT	CAAGTCTGG	bc486_bc183
359	455	5	G09	bc494	bc183	TCGAGTGAT	CAAGTCTGG	bc494_bc183
360	456	5	H09	bc538	bc183	TTAAGGTGG	CAAGTCTGG	bc538_bc183
393	457	5	A10	bc411	bc218	GGTCTATGG	CATGTTGCC	bc411_bc218
394	458	5	B10	bc418	bc218	GTAAGCCTG	CATGTTGCC	bc418_bc218
395	459	5	C10	bc449	bc218	GTTCGTCCT	CATGTTGCC	bc449_bc218
396	460	5	D10	bc462	bc218	TACGCATGG	CATGTTGCC	bc462_bc218
397	461	5	E10	bc485	bc218	TCCACAATG	CATGTTGCC	bc485_bc218
398	462	5	F10	bc486	bc218	TCCAGGTCT	CATGTTGCC	bc486_bc218
399	463	5	G10	bc494	bc218	TCGAGTGAT	CATGTTGCC	bc494_bc218
400	464	5	H10	bc538	bc218	TTAAGGTGG	CATGTTGCC	bc538_bc218
433	465	5	A11	bc411	bc219	GGTCTATGG	CATTATCCG	bc411_bc219
434	466	5	B11	bc418	bc219	GTAAGCCTG	CATTATCCG	bc418_bc219
435	467	5	C11	bc449	bc219	GTTCGTCCT	CATTATCCG	bc449_bc219
436	468	5	D11	bc462	bc219	TACGCATGG	CATTATCCG	bc462_bc219
437	469	5	E11	bc485	bc219	TCCACAATG	CATTATCCG	bc485_bc219
438	470	5	F11	bc486	bc219	TCCAGGTCT	CATTATCCG	bc486_bc219
439	471	5	G11	bc494	bc219	TCGAGTGAT	CATTATCCG	bc494_bc219
440	472	5	H11	bc538	bc219	TTAAGGTGG	CATTATCCG	bc538_bc219
473	473	5	A12	bc411	bc245	GGTCTATGG	CCGTTCAGA	bc411_bc245
474	474	5	B12	bc418	bc245	GTAAGCCTG	CCGTTCAGA	bc418_bc245
475	475	5	C12	bc449	bc245	GTTCGTCCT	CCGTTCAGA	bc449_bc245
476	476	5	D12	bc462	bc245	TACGCATGG	CCGTTCAGA	bc462_bc245
477	477	5	E12	bc485	bc245	TCCACAATG	CCGTTCAGA	bc485_bc245
478	478	5	F12	bc486	bc245	TCCAGGTCT	CCGTTCAGA	bc486_bc245
479	479	5	G12	bc494	bc245	TCGAGTGAT	CCGTTCAGA	bc494_bc245
480	480	5	H12	bc538	bc245	TTAAGGTGG	CCGTTCAGA	bc538_bc245
481	481	6	A01	bc018	bc247	AACGTCACT	CCTAAGACA	bc018_bc247
482	482	6	B01	bc060	bc247	ACACTCTAG	CCTAAGACA	bc060_bc247
483	483	6	C01	bc061	bc247	ACAGATGAG	CCTAAGACA	bc061_bc247
484	484	6	D01	bc062	bc247	ACAGTCCTT	CCTAAGACA	bc062_bc247
485	485	6	E01	bc095	bc247	ACTCCACAT	CCTAAGACA	bc095_bc247
486	486	6	F01	bc139	bc247	AGTCGCTAT	CCTAAGACA	bc139_bc247
487	487	6	G01	bc148	bc247	ATACCGTCG	CCTAAGACA	bc148_bc247
488	488	6	H01	bc157	bc247	ATCGCAGAG	CCTAAGACA	bc157_bc247
521	489	6	A02	bc018	bc286	AACGTCACT	CGTCATAAG	bc018_bc286
522	490	6	B02	bc060	bc286	ACACTCTAG	CGTCATAAG	bc060_bc286
523	491	6	C02	bc061	bc286	ACAGATGAG	CGTCATAAG	bc061_bc286
524	492	6	D02	bc062	bc286	ACAGTCCTT	CGTCATAAG	bc062_bc286
525	493	6	E02	bc095	bc286	ACTCCACAT	CGTCATAAG	bc095_bc286
526	494	6	F02	bc139	bc286	AGTCGCTAT	CGTCATAAG	bc139_bc286
527	495	6	G02	bc148	bc286	ATACCGTCG	CGTCATAAG	bc148_bc286
528	496	6	H02	bc157	bc286	ATCGCAGAG	CGTCATAAG	bc157_bc286
561	497	6	A03	bc018	bc298	AACGTCACT	CTACTGGTG	bc018_bc298
562	498	6	B03	bc060	bc298	ACACTCTAG	CTACTGGTG	bc060_bc298
563	499	6	C03	bc061	bc298	ACAGATGAG	CTACTGGTG	bc061_bc298
564	500	6	D03	bc062	bc298	ACAGTCCTT	CTACTGGTG	bc062_bc298
565	501	6	E03	bc095	bc298	ACTCCACAT	CTACTGGTG	bc095_bc298
566	502	6	F03	bc139	bc298	AGTCGCTAT	CTACTGGTG	bc139_bc298
567	503	6	G03	bc148	bc298	ATACCGTCG	CTACTGGTG	bc148_bc298
568	504	6	H03	bc157	bc298	ATCGCAGAG	CTACTGGTG	bc157_bc298
601	505	6	A04	bc018	bc310	AACGTCACT	CTCGCAATA	bc018_bc310
602	506	6	B04	bc060	bc310	ACACTCTAG	CTCGCAATA	bc060_bc310
603	507	6	C04	bc061	bc310	ACAGATGAG	CTCGCAATA	bc061_bc310
604	508	6	D04	bc062	bc310	ACAGTCCTT	CTCGCAATA	bc062_bc310
605	509	6	E04	bc095	bc310	ACTCCACAT	CTCGCAATA	bc095_bc310
606	510	6	F04	bc139	bc310	AGTCGCTAT	CTCGCAATA	bc139_bc310
607	511	6	G04	bc148	bc310	ATACCGTCG	CTCGCAATA	bc148_bc310
608	512	6	H04	bc157	bc310	ATCGCAGAG	CTCGCAATA	bc157_bc310
641	513	6	A05	bc018	bc314	AACGTCACT	CTCTTATCG	bc018_bc314
642	514	6	B05	bc060	bc314	ACACTCTAG	CTCTTATCG	bc060_bc314
643	515	6	C05	bc061	bc314	ACAGATGAG	CTCTTATCG	bc061_bc314
644	516	6	D05	bc062	bc314	ACAGTCCTT	CTCTTATCG	bc062_bc314
645	517	6	E05	bc095	bc314	ACTCCACAT	CTCTTATCG	bc095_bc314
646	518	6	F05	bc139	bc314	AGTCGCTAT	CTCTTATCG	bc139_bc314
647	519	6	G05	bc148	bc314	ATACCGTCG	CTCTTATCG	bc148_bc314
648	520	6	H05	bc157	bc314	ATCGCAGAG	CTCTTATCG	bc157_bc314
681	521	6	A06	bc018	bc336	AACGTCACT	GAAGTCGTA	bc018_bc336
682	522	6	B06	bc060	bc336	ACACTCTAG	GAAGTCGTA	bc060_bc336
683	523	6	C06	bc061	bc336	ACAGATGAG	GAAGTCGTA	bc061_bc336
684	524	6	D06	bc062	bc336	ACAGTCCTT	GAAGTCGTA	bc062_bc336
685	525	6	E06	bc095	bc336	ACTCCACAT	GAAGTCGTA	bc095_bc336
686	526	6	F06	bc139	bc336	AGTCGCTAT	GAAGTCGTA	bc139_bc336
687	527	6	G06	bc148	bc336	ATACCGTCG	GAAGTCGTA	bc148_bc336
688	528	6	H06	bc157	bc336	ATCGCAGAG	GAAGTCGTA	bc157_bc336
721	529	6	A07	bc018	bc365	AACGTCACT	GATTGGTGC	bc018_bc365
722	530	6	B07	bc060	bc365	ACACTCTAG	GATTGGTGC	bc060_bc365
723	531	6	C07	bc061	bc365	ACAGATGAG	GATTGGTGC	bc061_bc365
724	532	6	D07	bc062	bc365	ACAGTCCTT	GATTGGTGC	bc062_bc365
725	533	6	E07	bc095	bc365	ACTCCACAT	GATTGGTGC	bc095_bc365
726	534	6	F07	bc139	bc365	AGTCGCTAT	GATTGGTGC	bc139_bc365
727	535	6	G07	bc148	bc365	ATACCGTCG	GATTGGTGC	bc148_bc365
728	536	6	H07	bc157	bc365	ATCGCAGAG	GATTGGTGC	bc157_bc365
761	537	6	A08	bc018	bc370	AACGTCACT	GCAGAGGTT	bc018_bc370
762	538	6	B08	bc060	bc370	ACACTCTAG	GCAGAGGTT	bc060_bc370
763	539	6	C08	bc061	bc370	ACAGATGAG	GCAGAGGTT	bc061_bc370
764	540	6	D08	bc062	bc370	ACAGTCCTT	GCAGAGGTT	bc062_bc370
765	541	6	E08	bc095	bc370	ACTCCACAT	GCAGAGGTT	bc095_bc370
766	542	6	F08	bc139	bc370	AGTCGCTAT	GCAGAGGTT	bc139_bc370
767	543	6	G08	bc148	bc370	ATACCGTCG	GCAGAGGTT	bc148_bc370
768	544	6	H08	bc157	bc370	ATCGCAGAG	GCAGAGGTT	bc157_bc370
801	545	6	A09	bc018	bc387	AACGTCACT	GCTAATCGC	bc018_bc387
802	546	6	B09	bc060	bc387	ACACTCTAG	GCTAATCGC	bc060_bc387
803	547	6	C09	bc061	bc387	ACAGATGAG	GCTAATCGC	bc061_bc387
804	548	6	D09	bc062	bc387	ACAGTCCTT	GCTAATCGC	bc062_bc387
805	549	6	E09	bc095	bc387	ACTCCACAT	GCTAATCGC	bc095_bc387
806	550	6	F09	bc139	bc387	AGTCGCTAT	GCTAATCGC	bc139_bc387
807	551	6	G09	bc148	bc387	ATACCGTCG	GCTAATCGC	bc148_bc387
808	552	6	H09	bc157	bc387	ATCGCAGAG	GCTAATCGC	bc157_bc387
841	553	6	A10	bc018	bc388	AACGTCACT	GCTATGTCC	bc018_bc388
842	554	6	B10	bc060	bc388	ACACTCTAG	GCTATGTCC	bc060_bc388
843	555	6	C10	bc061	bc388	ACAGATGAG	GCTATGTCC	bc061_bc388
844	556	6	D10	bc062	bc388	ACAGTCCTT	GCTATGTCC	bc062_bc388
845	557	6	E10	bc095	bc388	ACTCCACAT	GCTATGTCC	bc095_bc388
846	558	6	F10	bc139	bc388	AGTCGCTAT	GCTATGTCC	bc139_bc388
847	559	6	G10	bc148	bc388	ATACCGTCG	GCTATGTCC	bc148_bc388
848	560	6	H10	bc157	bc388	ATCGCAGAG	GCTATGTCC	bc157_bc388
881	561	6	A11	bc018	bc396	AACGTCACT	GGAACTAAC	bc018_bc396
882	562	6	B11	bc060	bc396	ACACTCTAG	GGAACTAAC	bc060_bc396
883	563	6	C11	bc061	bc396	ACAGATGAG	GGAACTAAC	bc061_bc396
884	564	6	D11	bc062	bc396	ACAGTCCTT	GGAACTAAC	bc062_bc396
885	565	6	E11	bc095	bc396	ACTCCACAT	GGAACTAAC	bc095_bc396
886	566	6	F11	bc139	bc396	AGTCGCTAT	GGAACTAAC	bc139_bc396
887	567	6	G11	bc148	bc396	ATACCGTCG	GGAACTAAC	bc148_bc396
888	568	6	H11	bc157	bc396	ATCGCAGAG	GGAACTAAC	bc157_bc396
921	569	6	A12	bc018	bc397	AACGTCACT	GGAAGAAGT	bc018_bc397
922	570	6	B12	bc060	bc397	ACACTCTAG	GGAAGAAGT	bc060_bc397
923	571	6	C12	bc061	bc397	ACAGATGAG	GGAAGAAGT	bc061_bc397
924	572	6	D12	bc062	bc397	ACAGTCCTT	GGAAGAAGT	bc062_bc397
925	573	6	E12	bc095	bc397	ACTCCACAT	GGAAGAAGT	bc095_bc397
926	574	6	F12	bc139	bc397	AGTCGCTAT	GGAAGAAGT	bc139_bc397
927	575	6	G12	bc148	bc397	ATACCGTCG	GGAAGAAGT	bc148_bc397
928	576	6	H12	bc157	bc397	ATCGCAGAG	GGAAGAAGT	bc157_bc397
489	577	7	A01	bc168	bc247	ATGTGCAAG	CCTAAGACA	bc168_bc247
490	578	7	B01	bc183	bc247	CAAGTCTGG	CCTAAGACA	bc183_bc247
491	579	7	C01	bc192	bc247	CACCGATTG	CCTAAGACA	bc192_bc247
492	580	7	D01	bc205	bc247	CAGGTAGAG	CCTAAGACA	bc205_bc247
493	581	7	E01	bc219	bc247	CATTATCCG	CCTAAGACA	bc219_bc247
494	582	7	F01	bc220	bc247	CATTCCAAG	CCTAAGACA	bc220_bc247
495	583	7	G01	bc258	bc247	CCTTGCCAT	CCTAAGACA	bc258_bc247
496	584	7	H01	bc264	bc247	CGAGATGCT	CCTAAGACA	bc264_bc247
529	585	7	A02	bc168	bc286	ATGTGCAAG	CGTCATAAG	bc168_bc286
530	586	7	B02	bc183	bc286	CAAGTCTGG	CGTCATAAG	bc183_bc286
531	587	7	C02	bc192	bc286	CACCGATTG	CGTCATAAG	bc192_bc286
532	588	7	D02	bc205	bc286	CAGGTAGAG	CGTCATAAG	bc205_bc286
533	589	7	E02	bc219	bc286	CATTATCCG	CGTCATAAG	bc219_bc286
534	590	7	F02	bc220	bc286	CATTCCAAG	CGTCATAAG	bc220_bc286
535	591	7	G02	bc258	bc286	CCTTGCCAT	CGTCATAAG	bc258_bc286
536	592	7	H02	bc264	bc286	CGAGATGCT	CGTCATAAG	bc264_bc286
569	593	7	A03	bc168	bc298	ATGTGCAAG	CTACTGGTG	bc168_bc298
570	594	7	B03	bc183	bc298	CAAGTCTGG	CTACTGGTG	bc183_bc298
571	595	7	C03	bc192	bc298	CACCGATTG	CTACTGGTG	bc192_bc298
572	596	7	D03	bc205	bc298	CAGGTAGAG	CTACTGGTG	bc205_bc298
573	597	7	E03	bc219	bc298	CATTATCCG	CTACTGGTG	bc219_bc298
574	598	7	F03	bc220	bc298	CATTCCAAG	CTACTGGTG	bc220_bc298
575	599	7	G03	bc258	bc298	CCTTGCCAT	CTACTGGTG	bc258_bc298
576	600	7	H03	bc264	bc298	CGAGATGCT	CTACTGGTG	bc264_bc298
609	601	7	A04	bc168	bc310	ATGTGCAAG	CTCGCAATA	bc168_bc310
610	602	7	B04	bc183	bc310	CAAGTCTGG	CTCGCAATA	bc183_bc310
611	603	7	C04	bc192	bc310	CACCGATTG	CTCGCAATA	bc192_bc310
612	604	7	D04	bc205	bc310	CAGGTAGAG	CTCGCAATA	bc205_bc310
613	605	7	E04	bc219	bc310	CATTATCCG	CTCGCAATA	bc219_bc310
614	606	7	F04	bc220	bc310	CATTCCAAG	CTCGCAATA	bc220_bc310
615	607	7	G04	bc258	bc310	CCTTGCCAT	CTCGCAATA	bc258_bc310
616	608	7	H04	bc264	bc310	CGAGATGCT	CTCGCAATA	bc264_bc310
649	609	7	A05	bc168	bc314	ATGTGCAAG	CTCTTATCG	bc168_bc314
650	610	7	B05	bc183	bc314	CAAGTCTGG	CTCTTATCG	bc183_bc314
651	611	7	C05	bc192	bc314	CACCGATTG	CTCTTATCG	bc192_bc314
652	612	7	D05	bc205	bc314	CAGGTAGAG	CTCTTATCG	bc205_bc314
653	613	7	E05	bc219	bc314	CATTATCCG	CTCTTATCG	bc219_bc314
654	614	7	F05	bc220	bc314	CATTCCAAG	CTCTTATCG	bc220_bc314
655	615	7	G05	bc258	bc314	CCTTGCCAT	CTCTTATCG	bc258_bc314
656	616	7	H05	bc264	bc314	CGAGATGCT	CTCTTATCG	bc264_bc314
689	617	7	A06	bc168	bc336	ATGTGCAAG	GAAGTCGTA	bc168_bc336
690	618	7	B06	bc183	bc336	CAAGTCTGG	GAAGTCGTA	bc183_bc336
691	619	7	C06	bc192	bc336	CACCGATTG	GAAGTCGTA	bc192_bc336
692	620	7	D06	bc205	bc336	CAGGTAGAG	GAAGTCGTA	bc205_bc336
693	621	7	E06	bc219	bc336	CATTATCCG	GAAGTCGTA	bc219_bc336
694	622	7	F06	bc220	bc336	CATTCCAAG	GAAGTCGTA	bc220_bc336
695	623	7	G06	bc258	bc336	CCTTGCCAT	GAAGTCGTA	bc258_bc336
696	624	7	H06	bc264	bc336	CGAGATGCT	GAAGTCGTA	bc264_bc336
729	625	7	A07	bc168	bc365	ATGTGCAAG	GATTGGTGC	bc168_bc365
730	626	7	B07	bc183	bc365	CAAGTCTGG	GATTGGTGC	bc183_bc365
731	627	7	C07	bc192	bc365	CACCGATTG	GATTGGTGC	bc192_bc365
732	628	7	D07	bc205	bc365	CAGGTAGAG	GATTGGTGC	bc205_bc365
733	629	7	E07	bc219	bc365	CATTATCCG	GATTGGTGC	bc219_bc365
734	630	7	F07	bc220	bc365	CATTCCAAG	GATTGGTGC	bc220_bc365
735	631	7	G07	bc258	bc365	CCTTGCCAT	GATTGGTGC	bc258_bc365
736	632	7	H07	bc264	bc365	CGAGATGCT	GATTGGTGC	bc264_bc365
769	633	7	A08	bc168	bc370	ATGTGCAAG	GCAGAGGTT	bc168_bc370
770	634	7	B08	bc183	bc370	CAAGTCTGG	GCAGAGGTT	bc183_bc370
771	635	7	C08	bc192	bc370	CACCGATTG	GCAGAGGTT	bc192_bc370
772	636	7	D08	bc205	bc370	CAGGTAGAG	GCAGAGGTT	bc205_bc370
773	637	7	E08	bc219	bc370	CATTATCCG	GCAGAGGTT	bc219_bc370
774	638	7	F08	bc220	bc370	CATTCCAAG	GCAGAGGTT	bc220_bc370
775	639	7	G08	bc258	bc370	CCTTGCCAT	GCAGAGGTT	bc258_bc370
776	640	7	H08	bc264	bc370	CGAGATGCT	GCAGAGGTT	bc264_bc370
809	641	7	A09	bc168	bc387	ATGTGCAAG	GCTAATCGC	bc168_bc387
810	642	7	B09	bc183	bc387	CAAGTCTGG	GCTAATCGC	bc183_bc387
811	643	7	C09	bc192	bc387	CACCGATTG	GCTAATCGC	bc192_bc387
812	644	7	D09	bc205	bc387	CAGGTAGAG	GCTAATCGC	bc205_bc387
813	645	7	E09	bc219	bc387	CATTATCCG	GCTAATCGC	bc219_bc387
814	646	7	F09	bc220	bc387	CATTCCAAG	GCTAATCGC	bc220_bc387
815	647	7	G09	bc258	bc387	CCTTGCCAT	GCTAATCGC	bc258_bc387
816	648	7	H09	bc264	bc387	CGAGATGCT	GCTAATCGC	bc264_bc387
849	649	7	A10	bc168	bc388	ATGTGCAAG	GCTATGTCC	bc168_bc388
850	650	7	B10	bc183	bc388	CAAGTCTGG	GCTATGTCC	bc183_bc388
851	651	7	C10	bc192	bc388	CACCGATTG	GCTATGTCC	bc192_bc388
852	652	7	D10	bc205	bc388	CAGGTAGAG	GCTATGTCC	bc205_bc388
853	653	7	E10	bc219	bc388	CATTATCCG	GCTATGTCC	bc219_bc388
854	654	7	F10	bc220	bc388	CATTCCAAG	GCTATGTCC	bc220_bc388
855	655	7	G10	bc258	bc388	CCTTGCCAT	GCTATGTCC	bc258_bc388
856	656	7	H10	bc264	bc388	CGAGATGCT	GCTATGTCC	bc264_bc388
889	657	7	A11	bc168	bc396	ATGTGCAAG	GGAACTAAC	bc168_bc396
890	658	7	B11	bc183	bc396	CAAGTCTGG	GGAACTAAC	bc183_bc396
891	659	7	C11	bc192	bc396	CACCGATTG	GGAACTAAC	bc192_bc396
892	660	7	D11	bc205	bc396	CAGGTAGAG	GGAACTAAC	bc205_bc396
893	661	7	E11	bc219	bc396	CATTATCCG	GGAACTAAC	bc219_bc396
894	662	7	F11	bc220	bc396	CATTCCAAG	GGAACTAAC	bc220_bc396
895	663	7	G11	bc258	bc396	CCTTGCCAT	GGAACTAAC	bc258_bc396
896	664	7	H11	bc264	bc396	CGAGATGCT	GGAACTAAC	bc264_bc396
929	665	7	A12	bc168	bc397	ATGTGCAAG	GGAAGAAGT	bc168_bc397
930	666	7	B12	bc183	bc397	CAAGTCTGG	GGAAGAAGT	bc183_bc397
931	667	7	C12	bc192	bc397	CACCGATTG	GGAAGAAGT	bc192_bc397
932	668	7	D12	bc205	bc397	CAGGTAGAG	GGAAGAAGT	bc205_bc397
933	669	7	E12	bc219	bc397	CATTATCCG	GGAAGAAGT	bc219_bc397
934	670	7	F12	bc220	bc397	CATTCCAAG	GGAAGAAGT	bc220_bc397
935	671	7	G12	bc258	bc397	CCTTGCCAT	GGAAGAAGT	bc258_bc397
936	672	7	H12	bc264	bc397	CGAGATGCT	GGAAGAAGT	bc264_bc397
497	673	8	A01	bc272	bc247	CGCCATCTT	CCTAAGACA	bc272_bc247
498	674	8	B01	bc277	bc247	CGCTTCGTT	CCTAAGACA	bc277_bc247
499	675	8	C01	bc282	bc247	CGGTACTAG	CCTAAGACA	bc282_bc247
500	676	8	D01	bc286	bc247	CGTCATAAG	CCTAAGACA	bc286_bc247
501	677	8	E01	bc298	bc247	CTACTGGTG	CCTAAGACA	bc298_bc247
502	678	8	F01	bc314	bc247	CTCTTATCG	CCTAAGACA	bc314_bc247
503	679	8	G01	bc321	bc247	CTGTCCGAT	CCTAAGACA	bc321_bc247
504	680	8	H01	bc324	bc247	CTTAGAGAG	CCTAAGACA	bc324_bc247
537	681	8	A02	bc272	bc286	CGCCATCTT	CGTCATAAG	bc272_bc286
538	682	8	B02	bc277	bc286	CGCTTCGTT	CGTCATAAG	bc277_bc286
539	683	8	C02	bc282	bc286	CGGTACTAG	CGTCATAAG	bc282_bc286
540	684	8	D02	bc286	bc286	CGTCATAAG	CGTCATAAG	bc286_bc286
541	685	8	E02	bc298	bc286	CTACTGGTG	CGTCATAAG	bc298_bc286
542	686	8	F02	bc314	bc286	CTCTTATCG	CGTCATAAG	bc314_bc286
543	687	8	G02	bc321	bc286	CTGTCCGAT	CGTCATAAG	bc321_bc286
544	688	8	H02	bc324	bc286	CTTAGAGAG	CGTCATAAG	bc324_bc286
577	689	8	A03	bc272	bc298	CGCCATCTT	CTACTGGTG	bc272_bc298
578	690	8	B03	bc277	bc298	CGCTTCGTT	CTACTGGTG	bc277_bc298
579	691	8	C03	bc282	bc298	CGGTACTAG	CTACTGGTG	bc282_bc298
580	692	8	D03	bc286	bc298	CGTCATAAG	CTACTGGTG	bc286_bc298
581	693	8	E03	bc298	bc298	CTACTGGTG	CTACTGGTG	bc298_bc298
582	694	8	F03	bc314	bc298	CTCTTATCG	CTACTGGTG	bc314_bc298
583	695	8	G03	bc321	bc298	CTGTCCGAT	CTACTGGTG	bc321_bc298
584	696	8	H03	bc324	bc298	CTTAGAGAG	CTACTGGTG	bc324_bc298
617	697	8	A04	bc272	bc310	CGCCATCTT	CTCGCAATA	bc272_bc310
618	698	8	B04	bc277	bc310	CGCTTCGTT	CTCGCAATA	bc277_bc310
619	699	8	C04	bc282	bc310	CGGTACTAG	CTCGCAATA	bc282_bc310
620	700	8	D04	bc286	bc310	CGTCATAAG	CTCGCAATA	bc286_bc310
621	701	8	E04	bc298	bc310	CTACTGGTG	CTCGCAATA	bc298_bc310
622	702	8	F04	bc314	bc310	CTCTTATCG	CTCGCAATA	bc314_bc310
623	703	8	G04	bc321	bc310	CTGTCCGAT	CTCGCAATA	bc321_bc310
624	704	8	H04	bc324	bc310	CTTAGAGAG	CTCGCAATA	bc324_bc310
657	705	8	A05	bc272	bc314	CGCCATCTT	CTCTTATCG	bc272_bc314
658	706	8	B05	bc277	bc314	CGCTTCGTT	CTCTTATCG	bc277_bc314
659	707	8	C05	bc282	bc314	CGGTACTAG	CTCTTATCG	bc282_bc314
660	708	8	D05	bc286	bc314	CGTCATAAG	CTCTTATCG	bc286_bc314
661	709	8	E05	bc298	bc314	CTACTGGTG	CTCTTATCG	bc298_bc314
662	710	8	F05	bc314	bc314	CTCTTATCG	CTCTTATCG	bc314_bc314
663	711	8	G05	bc321	bc314	CTGTCCGAT	CTCTTATCG	bc321_bc314
664	712	8	H05	bc324	bc314	CTTAGAGAG	CTCTTATCG	bc324_bc314
697	713	8	A06	bc272	bc336	CGCCATCTT	GAAGTCGTA	bc272_bc336
698	714	8	B06	bc277	bc336	CGCTTCGTT	GAAGTCGTA	bc277_bc336
699	715	8	C06	bc282	bc336	CGGTACTAG	GAAGTCGTA	bc282_bc336
700	716	8	D06	bc286	bc336	CGTCATAAG	GAAGTCGTA	bc286_bc336
701	717	8	E06	bc298	bc336	CTACTGGTG	GAAGTCGTA	bc298_bc336
702	718	8	F06	bc314	bc336	CTCTTATCG	GAAGTCGTA	bc314_bc336
703	719	8	G06	bc321	bc336	CTGTCCGAT	GAAGTCGTA	bc321_bc336
704	720	8	H06	bc324	bc336	CTTAGAGAG	GAAGTCGTA	bc324_bc336
737	721	8	A07	bc272	bc365	CGCCATCTT	GATTGGTGC	bc272_bc365
738	722	8	B07	bc277	bc365	CGCTTCGTT	GATTGGTGC	bc277_bc365
739	723	8	C07	bc282	bc365	CGGTACTAG	GATTGGTGC	bc282_bc365
740	724	8	D07	bc286	bc365	CGTCATAAG	GATTGGTGC	bc286_bc365
741	725	8	E07	bc298	bc365	CTACTGGTG	GATTGGTGC	bc298_bc365
742	726	8	F07	bc314	bc365	CTCTTATCG	GATTGGTGC	bc314_bc365
743	727	8	G07	bc321	bc365	CTGTCCGAT	GATTGGTGC	bc321_bc365
744	728	8	H07	bc324	bc365	CTTAGAGAG	GATTGGTGC	bc324_bc365
777	729	8	A08	bc272	bc370	CGCCATCTT	GCAGAGGTT	bc272_bc370
778	730	8	B08	bc277	bc370	CGCTTCGTT	GCAGAGGTT	bc277_bc370
779	731	8	C08	bc282	bc370	CGGTACTAG	GCAGAGGTT	bc282_bc370
780	732	8	D08	bc286	bc370	CGTCATAAG	GCAGAGGTT	bc286_bc370
781	733	8	E08	bc298	bc370	CTACTGGTG	GCAGAGGTT	bc298_bc370
782	734	8	F08	bc314	bc370	CTCTTATCG	GCAGAGGTT	bc314_bc370
783	735	8	G08	bc321	bc370	CTGTCCGAT	GCAGAGGTT	bc321_bc370
784	736	8	H08	bc324	bc370	CTTAGAGAG	GCAGAGGTT	bc324_bc370
817	737	8	A09	bc272	bc387	CGCCATCTT	GCTAATCGC	bc272_bc387
818	738	8	B09	bc277	bc387	CGCTTCGTT	GCTAATCGC	bc277_bc387
819	739	8	C09	bc282	bc387	CGGTACTAG	GCTAATCGC	bc282_bc387
820	740	8	D09	bc286	bc387	CGTCATAAG	GCTAATCGC	bc286_bc387
821	741	8	E09	bc298	bc387	CTACTGGTG	GCTAATCGC	bc298_bc387
822	742	8	F09	bc314	bc387	CTCTTATCG	GCTAATCGC	bc314_bc387
823	743	8	G09	bc321	bc387	CTGTCCGAT	GCTAATCGC	bc321_bc387
824	744	8	H09	bc324	bc387	CTTAGAGAG	GCTAATCGC	bc324_bc387
857	745	8	A10	bc272	bc388	CGCCATCTT	GCTATGTCC	bc272_bc388
858	746	8	B10	bc277	bc388	CGCTTCGTT	GCTATGTCC	bc277_bc388
859	747	8	C10	bc282	bc388	CGGTACTAG	GCTATGTCC	bc282_bc388
860	748	8	D10	bc286	bc388	CGTCATAAG	GCTATGTCC	bc286_bc388
861	749	8	E10	bc298	bc388	CTACTGGTG	GCTATGTCC	bc298_bc388
862	750	8	F10	bc314	bc388	CTCTTATCG	GCTATGTCC	bc314_bc388
863	751	8	G10	bc321	bc388	CTGTCCGAT	GCTATGTCC	bc321_bc388
864	752	8	H10	bc324	bc388	CTTAGAGAG	GCTATGTCC	bc324_bc388
897	753	8	A11	bc272	bc396	CGCCATCTT	GGAACTAAC	bc272_bc396
898	754	8	B11	bc277	bc396	CGCTTCGTT	GGAACTAAC	bc277_bc396
899	755	8	C11	bc282	bc396	CGGTACTAG	GGAACTAAC	bc282_bc396
900	756	8	D11	bc286	bc396	CGTCATAAG	GGAACTAAC	bc286_bc396
901	757	8	E11	bc298	bc396	CTACTGGTG	GGAACTAAC	bc298_bc396
902	758	8	F11	bc314	bc396	CTCTTATCG	GGAACTAAC	bc314_bc396
903	759	8	G11	bc321	bc396	CTGTCCGAT	GGAACTAAC	bc321_bc396
904	760	8	H11	bc324	bc396	CTTAGAGAG	GGAACTAAC	bc324_bc396
937	761	8	A12	bc272	bc397	CGCCATCTT	GGAAGAAGT	bc272_bc397
938	762	8	B12	bc277	bc397	CGCTTCGTT	GGAAGAAGT	bc277_bc397
939	763	8	C12	bc282	bc397	CGGTACTAG	GGAAGAAGT	bc282_bc397
940	764	8	D12	bc286	bc397	CGTCATAAG	GGAAGAAGT	bc286_bc397
941	765	8	E12	bc298	bc397	CTACTGGTG	GGAAGAAGT	bc298_bc397
942	766	8	F12	bc314	bc397	CTCTTATCG	GGAAGAAGT	bc314_bc397
943	767	8	G12	bc321	bc397	CTGTCCGAT	GGAAGAAGT	bc321_bc397
944	768	8	H12	bc324	bc397	CTTAGAGAG	GGAAGAAGT	bc324_bc397
505	769	9	A01	bc327	bc247	CTTGACGTT	CCTAAGACA	bc327_bc247
506	770	9	B01	bc357	bc247	GATACTTCG	CCTAAGACA	bc357_bc247
507	771	9	C01	bc361	bc247	GATGGTAAG	CCTAAGACA	bc361_bc247
508	772	9	D01	bc362	bc247	GATGTACTG	CCTAAGACA	bc362_bc247
509	773	9	E01	bc368	bc247	GCACGTAAT	CCTAAGACA	bc368_bc247
510	774	9	F01	bc370	bc247	GCAGAGGTT	CCTAAGACA	bc370_bc247
511	775	9	G01	bc377	bc247	GCCTCATAT	CCTAAGACA	bc377_bc247
512	776	9	H01	bc406	bc247	GGATTCATG	CCTAAGACA	bc406_bc247
545	777	9	A02	bc327	bc286	CTTGACGTT	CGTCATAAG	bc327_bc286
546	778	9	B02	bc357	bc286	GATACTTCG	CGTCATAAG	bc357_bc286
547	779	9	C02	bc361	bc286	GATGGTAAG	CGTCATAAG	bc361_bc286
548	780	9	D02	bc362	bc286	GATGTACTG	CGTCATAAG	bc362_bc286
549	781	9	E02	bc368	bc286	GCACGTAAT	CGTCATAAG	bc368_bc286
550	782	9	F02	bc370	bc286	GCAGAGGTT	CGTCATAAG	bc370_bc286
551	783	9	G02	bc377	bc286	GCCTCATAT	CGTCATAAG	bc377_bc286
552	784	9	H02	bc406	bc286	GGATTCATG	CGTCATAAG	bc406_bc286
585	785	9	A03	bc327	bc298	CTTGACGTT	CTACTGGTG	bc327_bc298
586	786	9	B03	bc357	bc298	GATACTTCG	CTACTGGTG	bc357_bc298
587	787	9	C03	bc361	bc298	GATGGTAAG	CTACTGGTG	bc361_bc298
588	788	9	D03	bc362	bc298	GATGTACTG	CTACTGGTG	bc362_bc298
589	789	9	E03	bc368	bc298	GCACGTAAT	CTACTGGTG	bc368_bc298
590	790	9	F03	bc370	bc298	GCAGAGGTT	CTACTGGTG	bc370_bc298
591	791	9	G03	bc377	bc298	GCCTCATAT	CTACTGGTG	bc377_bc298
592	792	9	H03	bc406	bc298	GGATTCATG	CTACTGGTG	bc406_bc298
625	793	9	A04	bc327	bc310	CTTGACGTT	CTCGCAATA	bc327_bc310
626	794	9	B04	bc357	bc310	GATACTTCG	CTCGCAATA	bc357_bc310
627	795	9	C04	bc361	bc310	GATGGTAAG	CTCGCAATA	bc361_bc310
628	796	9	D04	bc362	bc310	GATGTACTG	CTCGCAATA	bc362_bc310
629	797	9	E04	bc368	bc310	GCACGTAAT	CTCGCAATA	bc368_bc310
630	798	9	F04	bc370	bc310	GCAGAGGTT	CTCGCAATA	bc370_bc310
631	799	9	G04	bc377	bc310	GCCTCATAT	CTCGCAATA	bc377_bc310
632	800	9	H04	bc406	bc310	GGATTCATG	CTCGCAATA	bc406_bc310
665	801	9	A05	bc327	bc314	CTTGACGTT	CTCTTATCG	bc327_bc314
666	802	9	B05	bc357	bc314	GATACTTCG	CTCTTATCG	bc357_bc314
667	803	9	C05	bc361	bc314	GATGGTAAG	CTCTTATCG	bc361_bc314
668	804	9	D05	bc362	bc314	GATGTACTG	CTCTTATCG	bc362_bc314
669	805	9	E05	bc368	bc314	GCACGTAAT	CTCTTATCG	bc368_bc314
670	806	9	F05	bc370	bc314	GCAGAGGTT	CTCTTATCG	bc370_bc314
671	807	9	G05	bc377	bc314	GCCTCATAT	CTCTTATCG	bc377_bc314
672	808	9	H05	bc406	bc314	GGATTCATG	CTCTTATCG	bc406_bc314
705	809	9	A06	bc327	bc336	CTTGACGTT	GAAGTCGTA	bc327_bc336
706	810	9	B06	bc357	bc336	GATACTTCG	GAAGTCGTA	bc357_bc336
707	811	9	C06	bc361	bc336	GATGGTAAG	GAAGTCGTA	bc361_bc336
708	812	9	D06	bc362	bc336	GATGTACTG	GAAGTCGTA	bc362_bc336
709	813	9	E06	bc368	bc336	GCACGTAAT	GAAGTCGTA	bc368_bc336
710	814	9	F06	bc370	bc336	GCAGAGGTT	GAAGTCGTA	bc370_bc336
711	815	9	G06	bc377	bc336	GCCTCATAT	GAAGTCGTA	bc377_bc336
712	816	9	H06	bc406	bc336	GGATTCATG	GAAGTCGTA	bc406_bc336
745	817	9	A07	bc327	bc365	CTTGACGTT	GATTGGTGC	bc327_bc365
746	818	9	B07	bc357	bc365	GATACTTCG	GATTGGTGC	bc357_bc365
747	819	9	C07	bc361	bc365	GATGGTAAG	GATTGGTGC	bc361_bc365
748	820	9	D07	bc362	bc365	GATGTACTG	GATTGGTGC	bc362_bc365
749	821	9	E07	bc368	bc365	GCACGTAAT	GATTGGTGC	bc368_bc365
750	822	9	F07	bc370	bc365	GCAGAGGTT	GATTGGTGC	bc370_bc365
751	823	9	G07	bc377	bc365	GCCTCATAT	GATTGGTGC	bc377_bc365
752	824	9	H07	bc406	bc365	GGATTCATG	GATTGGTGC	bc406_bc365
785	825	9	A08	bc327	bc370	CTTGACGTT	GCAGAGGTT	bc327_bc370
786	826	9	B08	bc357	bc370	GATACTTCG	GCAGAGGTT	bc357_bc370
787	827	9	C08	bc361	bc370	GATGGTAAG	GCAGAGGTT	bc361_bc370
788	828	9	D08	bc362	bc370	GATGTACTG	GCAGAGGTT	bc362_bc370
789	829	9	E08	bc368	bc370	GCACGTAAT	GCAGAGGTT	bc368_bc370
790	830	9	F08	bc370	bc370	GCAGAGGTT	GCAGAGGTT	bc370_bc370
791	831	9	G08	bc377	bc370	GCCTCATAT	GCAGAGGTT	bc377_bc370
792	832	9	H08	bc406	bc370	GGATTCATG	GCAGAGGTT	bc406_bc370
825	833	9	A09	bc327	bc387	CTTGACGTT	GCTAATCGC	bc327_bc387
826	834	9	B09	bc357	bc387	GATACTTCG	GCTAATCGC	bc357_bc387
827	835	9	C09	bc361	bc387	GATGGTAAG	GCTAATCGC	bc361_bc387
828	836	9	D09	bc362	bc387	GATGTACTG	GCTAATCGC	bc362_bc387
829	837	9	E09	bc368	bc387	GCACGTAAT	GCTAATCGC	bc368_bc387
830	838	9	F09	bc370	bc387	GCAGAGGTT	GCTAATCGC	bc370_bc387
831	839	9	G09	bc377	bc387	GCCTCATAT	GCTAATCGC	bc377_bc387
832	840	9	H09	bc406	bc387	GGATTCATG	GCTAATCGC	bc406_bc387
865	841	9	A10	bc327	bc388	CTTGACGTT	GCTATGTCC	bc327_bc388
866	842	9	B10	bc357	bc388	GATACTTCG	GCTATGTCC	bc357_bc388
867	843	9	C10	bc361	bc388	GATGGTAAG	GCTATGTCC	bc361_bc388
868	844	9	D10	bc362	bc388	GATGTACTG	GCTATGTCC	bc362_bc388
869	845	9	E10	bc368	bc388	GCACGTAAT	GCTATGTCC	bc368_bc388
870	846	9	F10	bc370	bc388	GCAGAGGTT	GCTATGTCC	bc370_bc388
871	847	9	G10	bc377	bc388	GCCTCATAT	GCTATGTCC	bc377_bc388
872	848	9	H10	bc406	bc388	GGATTCATG	GCTATGTCC	bc406_bc388
905	849	9	A11	bc327	bc396	CTTGACGTT	GGAACTAAC	bc327_bc396
906	850	9	B11	bc357	bc396	GATACTTCG	GGAACTAAC	bc357_bc396
907	851	9	C11	bc361	bc396	GATGGTAAG	GGAACTAAC	bc361_bc396
908	852	9	D11	bc362	bc396	GATGTACTG	GGAACTAAC	bc362_bc396
909	853	9	E11	bc368	bc396	GCACGTAAT	GGAACTAAC	bc368_bc396
910	854	9	F11	bc370	bc396	GCAGAGGTT	GGAACTAAC	bc370_bc396
911	855	9	G11	bc377	bc396	GCCTCATAT	GGAACTAAC	bc377_bc396
912	856	9	H11	bc406	bc396	GGATTCATG	GGAACTAAC	bc406_bc396
945	857	9	A12	bc327	bc397	CTTGACGTT	GGAAGAAGT	bc327_bc397
946	858	9	B12	bc357	bc397	GATACTTCG	GGAAGAAGT	bc357_bc397
947	859	9	C12	bc361	bc397	GATGGTAAG	GGAAGAAGT	bc361_bc397
948	860	9	D12	bc362	bc397	GATGTACTG	GGAAGAAGT	bc362_bc397
949	861	9	E12	bc368	bc397	GCACGTAAT	GGAAGAAGT	bc368_bc397
950	862	9	F12	bc370	bc397	GCAGAGGTT	GGAAGAAGT	bc370_bc397
951	863	9	G12	bc377	bc397	GCCTCATAT	GGAAGAAGT	bc377_bc397
952	864	9	H12	bc406	bc397	GGATTCATG	GGAAGAAGT	bc406_bc397
513	865	10	A01	bc411	bc247	GGTCTATGG	CCTAAGACA	bc411_bc247
514	866	10	B01	bc418	bc247	GTAAGCCTG	CCTAAGACA	bc418_bc247
515	867	10	C01	bc449	bc247	GTTCGTCCT	CCTAAGACA	bc449_bc247
516	868	10	D01	bc462	bc247	TACGCATGG	CCTAAGACA	bc462_bc247
517	869	10	E01	bc485	bc247	TCCACAATG	CCTAAGACA	bc485_bc247
518	870	10	F01	bc486	bc247	TCCAGGTCT	CCTAAGACA	bc486_bc247
519	871	10	G01	bc494	bc247	TCGAGTGAT	CCTAAGACA	bc494_bc247
520	872	10	H01	bc538	bc247	TTAAGGTGG	CCTAAGACA	bc538_bc247
553	873	10	A02	bc411	bc286	GGTCTATGG	CGTCATAAG	bc411_bc286
554	874	10	B02	bc418	bc286	GTAAGCCTG	CGTCATAAG	bc418_bc286
555	875	10	C02	bc449	bc286	GTTCGTCCT	CGTCATAAG	bc449_bc286
556	876	10	D02	bc462	bc286	TACGCATGG	CGTCATAAG	bc462_bc286
557	877	10	E02	bc485	bc286	TCCACAATG	CGTCATAAG	bc485_bc286
558	878	10	F02	bc486	bc286	TCCAGGTCT	CGTCATAAG	bc486_bc286
559	879	10	G02	bc494	bc286	TCGAGTGAT	CGTCATAAG	bc494_bc286
560	880	10	H02	bc538	bc286	TTAAGGTGG	CGTCATAAG	bc538_bc286
593	881	10	A03	bc411	bc298	GGTCTATGG	CTACTGGTG	bc411_bc298
594	882	10	B03	bc418	bc298	GTAAGCCTG	CTACTGGTG	bc418_bc298
595	883	10	C03	bc449	bc298	GTTCGTCCT	CTACTGGTG	bc449_bc298
596	884	10	D03	bc462	bc298	TACGCATGG	CTACTGGTG	bc462_bc298
597	885	10	E03	bc485	bc298	TCCACAATG	CTACTGGTG	bc485_bc298
598	886	10	F03	bc486	bc298	TCCAGGTCT	CTACTGGTG	bc486_bc298
599	887	10	G03	bc494	bc298	TCGAGTGAT	CTACTGGTG	bc494_bc298
600	888	10	H03	bc538	bc298	TTAAGGTGG	CTACTGGTG	bc538_bc298
633	889	10	A04	bc411	bc310	GGTCTATGG	CTCGCAATA	bc411_bc310
634	890	10	B04	bc418	bc310	GTAAGCCTG	CTCGCAATA	bc418_bc310
635	891	10	C04	bc449	bc310	GTTCGTCCT	CTCGCAATA	bc449_bc310
636	892	10	D04	bc462	bc310	TACGCATGG	CTCGCAATA	bc462_bc310
637	893	10	E04	bc485	bc310	TCCACAATG	CTCGCAATA	bc485_bc310
638	894	10	F04	bc486	bc310	TCCAGGTCT	CTCGCAATA	bc486_bc310
639	895	10	G04	bc494	bc310	TCGAGTGAT	CTCGCAATA	bc494_bc310
640	896	10	H04	bc538	bc310	TTAAGGTGG	CTCGCAATA	bc538_bc310
673	897	10	A05	bc411	bc314	GGTCTATGG	CTCTTATCG	bc411_bc314
674	898	10	B05	bc418	bc314	GTAAGCCTG	CTCTTATCG	bc418_bc314
675	899	10	C05	bc449	bc314	GTTCGTCCT	CTCTTATCG	bc449_bc314
676	900	10	D05	bc462	bc314	TACGCATGG	CTCTTATCG	bc462_bc314
677	901	10	E05	bc485	bc314	TCCACAATG	CTCTTATCG	bc485_bc314
678	902	10	F05	bc486	bc314	TCCAGGTCT	CTCTTATCG	bc486_bc314
679	903	10	G05	bc494	bc314	TCGAGTGAT	CTCTTATCG	bc494_bc314
680	904	10	H05	bc538	bc314	TTAAGGTGG	CTCTTATCG	bc538_bc314
713	905	10	A06	bc411	bc336	GGTCTATGG	GAAGTCGTA	bc411_bc336
714	906	10	B06	bc418	bc336	GTAAGCCTG	GAAGTCGTA	bc418_bc336
715	907	10	C06	bc449	bc336	GTTCGTCCT	GAAGTCGTA	bc449_bc336
716	908	10	D06	bc462	bc336	TACGCATGG	GAAGTCGTA	bc462_bc336
717	909	10	E06	bc485	bc336	TCCACAATG	GAAGTCGTA	bc485_bc336
718	910	10	F06	bc486	bc336	TCCAGGTCT	GAAGTCGTA	bc486_bc336
719	911	10	G06	bc494	bc336	TCGAGTGAT	GAAGTCGTA	bc494_bc336
720	912	10	H06	bc538	bc336	TTAAGGTGG	GAAGTCGTA	bc538_bc336
753	913	10	A07	bc411	bc365	GGTCTATGG	GATTGGTGC	bc411_bc365
754	914	10	B07	bc418	bc365	GTAAGCCTG	GATTGGTGC	bc418_bc365
755	915	10	C07	bc449	bc365	GTTCGTCCT	GATTGGTGC	bc449_bc365
756	916	10	D07	bc462	bc365	TACGCATGG	GATTGGTGC	bc462_bc365
757	917	10	E07	bc485	bc365	TCCACAATG	GATTGGTGC	bc485_bc365
758	918	10	F07	bc486	bc365	TCCAGGTCT	GATTGGTGC	bc486_bc365
759	919	10	G07	bc494	bc365	TCGAGTGAT	GATTGGTGC	bc494_bc365
760	920	10	H07	bc538	bc365	TTAAGGTGG	GATTGGTGC	bc538_bc365
793	921	10	A08	bc411	bc370	GGTCTATGG	GCAGAGGTT	bc411_bc370
794	922	10	B08	bc418	bc370	GTAAGCCTG	GCAGAGGTT	bc418_bc370
795	923	10	C08	bc449	bc370	GTTCGTCCT	GCAGAGGTT	bc449_bc370
796	924	10	D08	bc462	bc370	TACGCATGG	GCAGAGGTT	bc462_bc370
797	925	10	E08	bc485	bc370	TCCACAATG	GCAGAGGTT	bc485_bc370
798	926	10	F08	bc486	bc370	TCCAGGTCT	GCAGAGGTT	bc486_bc370
799	927	10	G08	bc494	bc370	TCGAGTGAT	GCAGAGGTT	bc494_bc370
800	928	10	H08	bc538	bc370	TTAAGGTGG	GCAGAGGTT	bc538_bc370
833	929	10	A09	bc411	bc387	GGTCTATGG	GCTAATCGC	bc411_bc387
834	930	10	B09	bc418	bc387	GTAAGCCTG	GCTAATCGC	bc418_bc387
835	931	10	C09	bc449	bc387	GTTCGTCCT	GCTAATCGC	bc449_bc387
836	932	10	D09	bc462	bc387	TACGCATGG	GCTAATCGC	bc462_bc387
837	933	10	E09	bc485	bc387	TCCACAATG	GCTAATCGC	bc485_bc387
838	934	10	F09	bc486	bc387	TCCAGGTCT	GCTAATCGC	bc486_bc387
839	935	10	G09	bc494	bc387	TCGAGTGAT	GCTAATCGC	bc494_bc387
840	936	10	H09	bc538	bc387	TTAAGGTGG	GCTAATCGC	bc538_bc387
873	937	10	A10	bc411	bc388	GGTCTATGG	GCTATGTCC	bc411_bc388
874	938	10	B10	bc418	bc388	GTAAGCCTG	GCTATGTCC	bc418_bc388
875	939	10	C10	bc449	bc388	GTTCGTCCT	GCTATGTCC	bc449_bc388
876	940	10	D10	bc462	bc388	TACGCATGG	GCTATGTCC	bc462_bc388
877	941	10	E10	bc485	bc388	TCCACAATG	GCTATGTCC	bc485_bc388
878	942	10	F10	bc486	bc388	TCCAGGTCT	GCTATGTCC	bc486_bc388
879	943	10	G10	bc494	bc388	TCGAGTGAT	GCTATGTCC	bc494_bc388
880	944	10	H10	bc538	bc388	TTAAGGTGG	GCTATGTCC	bc538_bc388
913	945	10	A11	bc411	bc396	GGTCTATGG	GGAACTAAC	bc411_bc396
914	946	10	B11	bc418	bc396	GTAAGCCTG	GGAACTAAC	bc418_bc396
915	947	10	C11	bc449	bc396	GTTCGTCCT	GGAACTAAC	bc449_bc396
916	948	10	D11	bc462	bc396	TACGCATGG	GGAACTAAC	bc462_bc396
917	949	10	E11	bc485	bc396	TCCACAATG	GGAACTAAC	bc485_bc396
918	950	10	F11	bc486	bc396	TCCAGGTCT	GGAACTAAC	bc486_bc396
919	951	10	G11	bc494	bc396	TCGAGTGAT	GGAACTAAC	bc494_bc396
920	952	10	H11	bc538	bc396	TTAAGGTGG	GGAACTAAC	bc538_bc396
953	953	10	A12	bc411	bc397	GGTCTATGG	GGAAGAAGT	bc411_bc397
954	954	10	B12	bc418	bc397	GTAAGCCTG	GGAAGAAGT	bc418_bc397
955	955	10	C12	bc449	bc397	GTTCGTCCT	GGAAGAAGT	bc449_bc397
956	956	10	D12	bc462	bc397	TACGCATGG	GGAAGAAGT	bc462_bc397
957	957	10	E12	bc485	bc397	TCCACAATG	GGAAGAAGT	bc485_bc397
958	958	10	F12	bc486	bc397	TCCAGGTCT	GGAAGAAGT	bc486_bc397
959	959	10	G12	bc494	bc397	TCGAGTGAT	GGAAGAAGT	bc494_bc397
960	960	10	H12	bc538	bc397	TTAAGGTGG	GGAAGAAGT	bc538_bc397
961	961	11	A01	bc018	bc411	AACGTCACT	GGTCTATGG	bc018_bc411
962	962	11	B01	bc060	bc411	ACACTCTAG	GGTCTATGG	bc060_bc411
963	963	11	C01	bc061	bc411	ACAGATGAG	GGTCTATGG	bc061_bc411
964	964	11	D01	bc062	bc411	ACAGTCCTT	GGTCTATGG	bc062_bc411
965	965	11	E01	bc095	bc411	ACTCCACAT	GGTCTATGG	bc095_bc411
966	966	11	F01	bc139	bc411	AGTCGCTAT	GGTCTATGG	bc139_bc411
967	967	11	G01	bc148	bc411	ATACCGTCG	GGTCTATGG	bc148_bc411
968	968	11	H01	bc157	bc411	ATCGCAGAG	GGTCTATGG	bc157_bc411
1001	969	11	A02	bc018	bc413	AACGTCACT	GGTGACTTA	bc018_bc413
1002	970	11	B02	bc060	bc413	ACACTCTAG	GGTGACTTA	bc060_bc413
1003	971	11	C02	bc061	bc413	ACAGATGAG	GGTGACTTA	bc061_bc413
1004	972	11	D02	bc062	bc413	ACAGTCCTT	GGTGACTTA	bc062_bc413
1005	973	11	E02	bc095	bc413	ACTCCACAT	GGTGACTTA	bc095_bc413
1006	974	11	F02	bc139	bc413	AGTCGCTAT	GGTGACTTA	bc139_bc413
1007	975	11	G02	bc148	bc413	ATACCGTCG	GGTGACTTA	bc148_bc413
1008	976	11	H02	bc157	bc413	ATCGCAGAG	GGTGACTTA	bc157_bc413
1041	977	11	A03	bc018	bc414	AACGTCACT	GGTGTCAGT	bc018_bc414
1042	978	11	B03	bc060	bc414	ACACTCTAG	GGTGTCAGT	bc060_bc414
1043	979	11	C03	bc061	bc414	ACAGATGAG	GGTGTCAGT	bc061_bc414
1044	980	11	D03	bc062	bc414	ACAGTCCTT	GGTGTCAGT	bc062_bc414
1045	981	11	E03	bc095	bc414	ACTCCACAT	GGTGTCAGT	bc095_bc414
1046	982	11	F03	bc139	bc414	AGTCGCTAT	GGTGTCAGT	bc139_bc414
1047	983	11	G03	bc148	bc414	ATACCGTCG	GGTGTCAGT	bc148_bc414
1048	984	11	H03	bc157	bc414	ATCGCAGAG	GGTGTCAGT	bc157_bc414
1081	985	11	A04	bc018	bc418	AACGTCACT	GTAAGCCTG	bc018_bc418
1082	986	11	B04	bc060	bc418	ACACTCTAG	GTAAGCCTG	bc060_bc418
1083	987	11	C04	bc061	bc418	ACAGATGAG	GTAAGCCTG	bc061_bc418
1084	988	11	D04	bc062	bc418	ACAGTCCTT	GTAAGCCTG	bc062_bc418
1085	989	11	E04	bc095	bc418	ACTCCACAT	GTAAGCCTG	bc095_bc418
1086	990	11	F04	bc139	bc418	AGTCGCTAT	GTAAGCCTG	bc139_bc418
1087	991	11	G04	bc148	bc418	ATACCGTCG	GTAAGCCTG	bc148_bc418
1088	992	11	H04	bc157	bc418	ATCGCAGAG	GTAAGCCTG	bc157_bc418
1121	993	11	A05	bc018	bc436	AACGTCACT	GTGAACAGA	bc018_bc436
1122	994	11	B05	bc060	bc436	ACACTCTAG	GTGAACAGA	bc060_bc436
1123	995	11	C05	bc061	bc436	ACAGATGAG	GTGAACAGA	bc061_bc436
1124	996	11	D05	bc062	bc436	ACAGTCCTT	GTGAACAGA	bc062_bc436
1125	997	11	E05	bc095	bc436	ACTCCACAT	GTGAACAGA	bc095_bc436
1126	998	11	F05	bc139	bc436	AGTCGCTAT	GTGAACAGA	bc139_bc436
1127	999	11	G05	bc148	bc436	ATACCGTCG	GTGAACAGA	bc148_bc436
1128	1000	11	H05	bc157	bc436	ATCGCAGAG	GTGAACAGA	bc157_bc436
1161	1001	11	A06	bc018	bc471	AACGTCACT	TAGGTTAGG	bc018_bc471
1162	1002	11	B06	bc060	bc471	ACACTCTAG	TAGGTTAGG	bc060_bc471
1163	1003	11	C06	bc061	bc471	ACAGATGAG	TAGGTTAGG	bc061_bc471
1164	1004	11	D06	bc062	bc471	ACAGTCCTT	TAGGTTAGG	bc062_bc471
1165	1005	11	E06	bc095	bc471	ACTCCACAT	TAGGTTAGG	bc095_bc471
1166	1006	11	F06	bc139	bc471	AGTCGCTAT	TAGGTTAGG	bc139_bc471
1167	1007	11	G06	bc148	bc471	ATACCGTCG	TAGGTTAGG	bc148_bc471
1168	1008	11	H06	bc157	bc471	ATCGCAGAG	TAGGTTAGG	bc157_bc471
1201	1009	11	A07	bc018	bc488	AACGTCACT	TCCGTATCC	bc018_bc488
1202	1010	11	B07	bc060	bc488	ACACTCTAG	TCCGTATCC	bc060_bc488
1203	1011	11	C07	bc061	bc488	ACAGATGAG	TCCGTATCC	bc061_bc488
1204	1012	11	D07	bc062	bc488	ACAGTCCTT	TCCGTATCC	bc062_bc488
1205	1013	11	E07	bc095	bc488	ACTCCACAT	TCCGTATCC	bc095_bc488
1206	1014	11	F07	bc139	bc488	AGTCGCTAT	TCCGTATCC	bc139_bc488
1207	1015	11	G07	bc148	bc488	ATACCGTCG	TCCGTATCC	bc148_bc488
1208	1016	11	H07	bc157	bc488	ATCGCAGAG	TCCGTATCC	bc157_bc488
1241	1017	11	A08	bc018	bc497	AACGTCACT	TCGCTCCTA	bc018_bc497
1242	1018	11	B08	bc060	bc497	ACACTCTAG	TCGCTCCTA	bc060_bc497
1243	1019	11	C08	bc061	bc497	ACAGATGAG	TCGCTCCTA	bc061_bc497
1244	1020	11	D08	bc062	bc497	ACAGTCCTT	TCGCTCCTA	bc062_bc497
1245	1021	11	E08	bc095	bc497	ACTCCACAT	TCGCTCCTA	bc095_bc497
1246	1022	11	F08	bc139	bc497	AGTCGCTAT	TCGCTCCTA	bc139_bc497
1247	1023	11	G08	bc148	bc497	ATACCGTCG	TCGCTCCTA	bc148_bc497
1248	1024	11	H08	bc157	bc497	ATCGCAGAG	TCGCTCCTA	bc157_bc497
1281	1025	11	A09	bc018	bc500	AACGTCACT	TCGTTAGTC	bc018_bc500
1282	1026	11	B09	bc060	bc500	ACACTCTAG	TCGTTAGTC	bc060_bc500
1283	1027	11	C09	bc061	bc500	ACAGATGAG	TCGTTAGTC	bc061_bc500
1284	1028	11	D09	bc062	bc500	ACAGTCCTT	TCGTTAGTC	bc062_bc500
1285	1029	11	E09	bc095	bc500	ACTCCACAT	TCGTTAGTC	bc095_bc500
1286	1030	11	F09	bc139	bc500	AGTCGCTAT	TCGTTAGTC	bc139_bc500
1287	1031	11	G09	bc148	bc500	ATACCGTCG	TCGTTAGTC	bc148_bc500
1288	1032	11	H09	bc157	bc500	ATCGCAGAG	TCGTTAGTC	bc157_bc500
1321	1033	11	A10	bc018	bc508	AACGTCACT	TGAAGTGCC	bc018_bc508
1322	1034	11	B10	bc060	bc508	ACACTCTAG	TGAAGTGCC	bc060_bc508
1323	1035	11	C10	bc061	bc508	ACAGATGAG	TGAAGTGCC	bc061_bc508
1324	1036	11	D10	bc062	bc508	ACAGTCCTT	TGAAGTGCC	bc062_bc508
1325	1037	11	E10	bc095	bc508	ACTCCACAT	TGAAGTGCC	bc095_bc508
1326	1038	11	F10	bc139	bc508	AGTCGCTAT	TGAAGTGCC	bc139_bc508
1327	1039	11	G10	bc148	bc508	ATACCGTCG	TGAAGTGCC	bc148_bc508
1328	1040	11	H10	bc157	bc508	ATCGCAGAG	TGAAGTGCC	bc157_bc508
1361	1041	11	A11	bc018	bc516	AACGTCACT	TGATGGTTC	bc018_bc516
1362	1042	11	B11	bc060	bc516	ACACTCTAG	TGATGGTTC	bc060_bc516
1363	1043	11	C11	bc061	bc516	ACAGATGAG	TGATGGTTC	bc061_bc516
1364	1044	11	D11	bc062	bc516	ACAGTCCTT	TGATGGTTC	bc062_bc516
1365	1045	11	E11	bc095	bc516	ACTCCACAT	TGATGGTTC	bc095_bc516
1366	1046	11	F11	bc139	bc516	AGTCGCTAT	TGATGGTTC	bc139_bc516
1367	1047	11	G11	bc148	bc516	ATACCGTCG	TGATGGTTC	bc148_bc516
1368	1048	11	H11	bc157	bc516	ATCGCAGAG	TGATGGTTC	bc157_bc516
1401	1049	11	A12	bc018	bc538	AACGTCACT	TTAAGGTGG	bc018_bc538
1402	1050	11	B12	bc060	bc538	ACACTCTAG	TTAAGGTGG	bc060_bc538
1403	1051	11	C12	bc061	bc538	ACAGATGAG	TTAAGGTGG	bc061_bc538
1404	1052	11	D12	bc062	bc538	ACAGTCCTT	TTAAGGTGG	bc062_bc538
1405	1053	11	E12	bc095	bc538	ACTCCACAT	TTAAGGTGG	bc095_bc538
1406	1054	11	F12	bc139	bc538	AGTCGCTAT	TTAAGGTGG	bc139_bc538
1407	1055	11	G12	bc148	bc538	ATACCGTCG	TTAAGGTGG	bc148_bc538
1408	1056	11	H12	bc157	bc538	ATCGCAGAG	TTAAGGTGG	bc157_bc538
969	1057	12	A01	bc168	bc411	ATGTGCAAG	GGTCTATGG	bc168_bc411
970	1058	12	B01	bc183	bc411	CAAGTCTGG	GGTCTATGG	bc183_bc411
971	1059	12	C01	bc192	bc411	CACCGATTG	GGTCTATGG	bc192_bc411
972	1060	12	D01	bc205	bc411	CAGGTAGAG	GGTCTATGG	bc205_bc411
973	1061	12	E01	bc219	bc411	CATTATCCG	GGTCTATGG	bc219_bc411
974	1062	12	F01	bc220	bc411	CATTCCAAG	GGTCTATGG	bc220_bc411
975	1063	12	G01	bc258	bc411	CCTTGCCAT	GGTCTATGG	bc258_bc411
976	1064	12	H01	bc264	bc411	CGAGATGCT	GGTCTATGG	bc264_bc411
1009	1065	12	A02	bc168	bc413	ATGTGCAAG	GGTGACTTA	bc168_bc413
1010	1066	12	B02	bc183	bc413	CAAGTCTGG	GGTGACTTA	bc183_bc413
1011	1067	12	C02	bc192	bc413	CACCGATTG	GGTGACTTA	bc192_bc413
1012	1068	12	D02	bc205	bc413	CAGGTAGAG	GGTGACTTA	bc205_bc413
1013	1069	12	E02	bc219	bc413	CATTATCCG	GGTGACTTA	bc219_bc413
1014	1070	12	F02	bc220	bc413	CATTCCAAG	GGTGACTTA	bc220_bc413
1015	1071	12	G02	bc258	bc413	CCTTGCCAT	GGTGACTTA	bc258_bc413
1016	1072	12	H02	bc264	bc413	CGAGATGCT	GGTGACTTA	bc264_bc413
1049	1073	12	A03	bc168	bc414	ATGTGCAAG	GGTGTCAGT	bc168_bc414
1050	1074	12	B03	bc183	bc414	CAAGTCTGG	GGTGTCAGT	bc183_bc414
1051	1075	12	C03	bc192	bc414	CACCGATTG	GGTGTCAGT	bc192_bc414
1052	1076	12	D03	bc205	bc414	CAGGTAGAG	GGTGTCAGT	bc205_bc414
1053	1077	12	E03	bc219	bc414	CATTATCCG	GGTGTCAGT	bc219_bc414
1054	1078	12	F03	bc220	bc414	CATTCCAAG	GGTGTCAGT	bc220_bc414
1055	1079	12	G03	bc258	bc414	CCTTGCCAT	GGTGTCAGT	bc258_bc414
1056	1080	12	H03	bc264	bc414	CGAGATGCT	GGTGTCAGT	bc264_bc414
1089	1081	12	A04	bc168	bc418	ATGTGCAAG	GTAAGCCTG	bc168_bc418
1090	1082	12	B04	bc183	bc418	CAAGTCTGG	GTAAGCCTG	bc183_bc418
1091	1083	12	C04	bc192	bc418	CACCGATTG	GTAAGCCTG	bc192_bc418
1092	1084	12	D04	bc205	bc418	CAGGTAGAG	GTAAGCCTG	bc205_bc418
1093	1085	12	E04	bc219	bc418	CATTATCCG	GTAAGCCTG	bc219_bc418
1094	1086	12	F04	bc220	bc418	CATTCCAAG	GTAAGCCTG	bc220_bc418
1095	1087	12	G04	bc258	bc418	CCTTGCCAT	GTAAGCCTG	bc258_bc418
1096	1088	12	H04	bc264	bc418	CGAGATGCT	GTAAGCCTG	bc264_bc418
1129	1089	12	A05	bc168	bc436	ATGTGCAAG	GTGAACAGA	bc168_bc436
1130	1090	12	B05	bc183	bc436	CAAGTCTGG	GTGAACAGA	bc183_bc436
1131	1091	12	C05	bc192	bc436	CACCGATTG	GTGAACAGA	bc192_bc436
1132	1092	12	D05	bc205	bc436	CAGGTAGAG	GTGAACAGA	bc205_bc436
1133	1093	12	E05	bc219	bc436	CATTATCCG	GTGAACAGA	bc219_bc436
1134	1094	12	F05	bc220	bc436	CATTCCAAG	GTGAACAGA	bc220_bc436
1135	1095	12	G05	bc258	bc436	CCTTGCCAT	GTGAACAGA	bc258_bc436
1136	1096	12	H05	bc264	bc436	CGAGATGCT	GTGAACAGA	bc264_bc436
1169	1097	12	A06	bc168	bc471	ATGTGCAAG	TAGGTTAGG	bc168_bc471
1170	1098	12	B06	bc183	bc471	CAAGTCTGG	TAGGTTAGG	bc183_bc471
1171	1099	12	C06	bc192	bc471	CACCGATTG	TAGGTTAGG	bc192_bc471
1172	1100	12	D06	bc205	bc471	CAGGTAGAG	TAGGTTAGG	bc205_bc471
1173	1101	12	E06	bc219	bc471	CATTATCCG	TAGGTTAGG	bc219_bc471
1174	1102	12	F06	bc220	bc471	CATTCCAAG	TAGGTTAGG	bc220_bc471
1175	1103	12	G06	bc258	bc471	CCTTGCCAT	TAGGTTAGG	bc258_bc471
1176	1104	12	H06	bc264	bc471	CGAGATGCT	TAGGTTAGG	bc264_bc471
1209	1105	12	A07	bc168	bc488	ATGTGCAAG	TCCGTATCC	bc168_bc488
1210	1106	12	B07	bc183	bc488	CAAGTCTGG	TCCGTATCC	bc183_bc488
1211	1107	12	C07	bc192	bc488	CACCGATTG	TCCGTATCC	bc192_bc488
1212	1108	12	D07	bc205	bc488	CAGGTAGAG	TCCGTATCC	bc205_bc488
1213	1109	12	E07	bc219	bc488	CATTATCCG	TCCGTATCC	bc219_bc488
1214	1110	12	F07	bc220	bc488	CATTCCAAG	TCCGTATCC	bc220_bc488
1215	1111	12	G07	bc258	bc488	CCTTGCCAT	TCCGTATCC	bc258_bc488
1216	1112	12	H07	bc264	bc488	CGAGATGCT	TCCGTATCC	bc264_bc488
1249	1113	12	A08	bc168	bc497	ATGTGCAAG	TCGCTCCTA	bc168_bc497
1250	1114	12	B08	bc183	bc497	CAAGTCTGG	TCGCTCCTA	bc183_bc497
1251	1115	12	C08	bc192	bc497	CACCGATTG	TCGCTCCTA	bc192_bc497
1252	1116	12	D08	bc205	bc497	CAGGTAGAG	TCGCTCCTA	bc205_bc497
1253	1117	12	E08	bc219	bc497	CATTATCCG	TCGCTCCTA	bc219_bc497
1254	1118	12	F08	bc220	bc497	CATTCCAAG	TCGCTCCTA	bc220_bc497
1255	1119	12	G08	bc258	bc497	CCTTGCCAT	TCGCTCCTA	bc258_bc497
1256	1120	12	H08	bc264	bc497	CGAGATGCT	TCGCTCCTA	bc264_bc497
1289	1121	12	A09	bc168	bc500	ATGTGCAAG	TCGTTAGTC	bc168_bc500
1290	1122	12	B09	bc183	bc500	CAAGTCTGG	TCGTTAGTC	bc183_bc500
1291	1123	12	C09	bc192	bc500	CACCGATTG	TCGTTAGTC	bc192_bc500
1292	1124	12	D09	bc205	bc500	CAGGTAGAG	TCGTTAGTC	bc205_bc500
1293	1125	12	E09	bc219	bc500	CATTATCCG	TCGTTAGTC	bc219_bc500
1294	1126	12	F09	bc220	bc500	CATTCCAAG	TCGTTAGTC	bc220_bc500
1295	1127	12	G09	bc258	bc500	CCTTGCCAT	TCGTTAGTC	bc258_bc500
1296	1128	12	H09	bc264	bc500	CGAGATGCT	TCGTTAGTC	bc264_bc500
1329	1129	12	A10	bc168	bc508	ATGTGCAAG	TGAAGTGCC	bc168_bc508
1330	1130	12	B10	bc183	bc508	CAAGTCTGG	TGAAGTGCC	bc183_bc508
1331	1131	12	C10	bc192	bc508	CACCGATTG	TGAAGTGCC	bc192_bc508
1332	1132	12	D10	bc205	bc508	CAGGTAGAG	TGAAGTGCC	bc205_bc508
1333	1133	12	E10	bc219	bc508	CATTATCCG	TGAAGTGCC	bc219_bc508
1334	1134	12	F10	bc220	bc508	CATTCCAAG	TGAAGTGCC	bc220_bc508
1335	1135	12	G10	bc258	bc508	CCTTGCCAT	TGAAGTGCC	bc258_bc508
1336	1136	12	H10	bc264	bc508	CGAGATGCT	TGAAGTGCC	bc264_bc508
1369	1137	12	A11	bc168	bc516	ATGTGCAAG	TGATGGTTC	bc168_bc516
1370	1138	12	B11	bc183	bc516	CAAGTCTGG	TGATGGTTC	bc183_bc516
1371	1139	12	C11	bc192	bc516	CACCGATTG	TGATGGTTC	bc192_bc516
1372	1140	12	D11	bc205	bc516	CAGGTAGAG	TGATGGTTC	bc205_bc516
1373	1141	12	E11	bc219	bc516	CATTATCCG	TGATGGTTC	bc219_bc516
1374	1142	12	F11	bc220	bc516	CATTCCAAG	TGATGGTTC	bc220_bc516
1375	1143	12	G11	bc258	bc516	CCTTGCCAT	TGATGGTTC	bc258_bc516
1376	1144	12	H11	bc264	bc516	CGAGATGCT	TGATGGTTC	bc264_bc516
1409	1145	12	A12	bc168	bc538	ATGTGCAAG	TTAAGGTGG	bc168_bc538
1410	1146	12	B12	bc183	bc538	CAAGTCTGG	TTAAGGTGG	bc183_bc538
1411	1147	12	C12	bc192	bc538	CACCGATTG	TTAAGGTGG	bc192_bc538
1412	1148	12	D12	bc205	bc538	CAGGTAGAG	TTAAGGTGG	bc205_bc538
1413	1149	12	E12	bc219	bc538	CATTATCCG	TTAAGGTGG	bc219_bc538
1414	1150	12	F12	bc220	bc538	CATTCCAAG	TTAAGGTGG	bc220_bc538
1415	1151	12	G12	bc258	bc538	CCTTGCCAT	TTAAGGTGG	bc258_bc538
1416	1152	12	H12	bc264	bc538	CGAGATGCT	TTAAGGTGG	bc264_bc538
977	1153	13	A01	bc272	bc411	CGCCATCTT	GGTCTATGG	bc272_bc411
978	1154	13	B01	bc277	bc411	CGCTTCGTT	GGTCTATGG	bc277_bc411
979	1155	13	C01	bc282	bc411	CGGTACTAG	GGTCTATGG	bc282_bc411
980	1156	13	D01	bc286	bc411	CGTCATAAG	GGTCTATGG	bc286_bc411
981	1157	13	E01	bc298	bc411	CTACTGGTG	GGTCTATGG	bc298_bc411
982	1158	13	F01	bc314	bc411	CTCTTATCG	GGTCTATGG	bc314_bc411
983	1159	13	G01	bc321	bc411	CTGTCCGAT	GGTCTATGG	bc321_bc411
984	1160	13	H01	bc324	bc411	CTTAGAGAG	GGTCTATGG	bc324_bc411
1017	1161	13	A02	bc272	bc413	CGCCATCTT	GGTGACTTA	bc272_bc413
1018	1162	13	B02	bc277	bc413	CGCTTCGTT	GGTGACTTA	bc277_bc413
1019	1163	13	C02	bc282	bc413	CGGTACTAG	GGTGACTTA	bc282_bc413
1020	1164	13	D02	bc286	bc413	CGTCATAAG	GGTGACTTA	bc286_bc413
1021	1165	13	E02	bc298	bc413	CTACTGGTG	GGTGACTTA	bc298_bc413
1022	1166	13	F02	bc314	bc413	CTCTTATCG	GGTGACTTA	bc314_bc413
1023	1167	13	G02	bc321	bc413	CTGTCCGAT	GGTGACTTA	bc321_bc413
1024	1168	13	H02	bc324	bc413	CTTAGAGAG	GGTGACTTA	bc324_bc413
1057	1169	13	A03	bc272	bc414	CGCCATCTT	GGTGTCAGT	bc272_bc414
1058	1170	13	B03	bc277	bc414	CGCTTCGTT	GGTGTCAGT	bc277_bc414
1059	1171	13	C03	bc282	bc414	CGGTACTAG	GGTGTCAGT	bc282_bc414
1060	1172	13	D03	bc286	bc414	CGTCATAAG	GGTGTCAGT	bc286_bc414
1061	1173	13	E03	bc298	bc414	CTACTGGTG	GGTGTCAGT	bc298_bc414
1062	1174	13	F03	bc314	bc414	CTCTTATCG	GGTGTCAGT	bc314_bc414
1063	1175	13	G03	bc321	bc414	CTGTCCGAT	GGTGTCAGT	bc321_bc414
1064	1176	13	H03	bc324	bc414	CTTAGAGAG	GGTGTCAGT	bc324_bc414
1097	1177	13	A04	bc272	bc418	CGCCATCTT	GTAAGCCTG	bc272_bc418
1098	1178	13	B04	bc277	bc418	CGCTTCGTT	GTAAGCCTG	bc277_bc418
1099	1179	13	C04	bc282	bc418	CGGTACTAG	GTAAGCCTG	bc282_bc418
1100	1180	13	D04	bc286	bc418	CGTCATAAG	GTAAGCCTG	bc286_bc418
1101	1181	13	E04	bc298	bc418	CTACTGGTG	GTAAGCCTG	bc298_bc418
1102	1182	13	F04	bc314	bc418	CTCTTATCG	GTAAGCCTG	bc314_bc418
1103	1183	13	G04	bc321	bc418	CTGTCCGAT	GTAAGCCTG	bc321_bc418
1104	1184	13	H04	bc324	bc418	CTTAGAGAG	GTAAGCCTG	bc324_bc418
1137	1185	13	A05	bc272	bc436	CGCCATCTT	GTGAACAGA	bc272_bc436
1138	1186	13	B05	bc277	bc436	CGCTTCGTT	GTGAACAGA	bc277_bc436
1139	1187	13	C05	bc282	bc436	CGGTACTAG	GTGAACAGA	bc282_bc436
1140	1188	13	D05	bc286	bc436	CGTCATAAG	GTGAACAGA	bc286_bc436
1141	1189	13	E05	bc298	bc436	CTACTGGTG	GTGAACAGA	bc298_bc436
1142	1190	13	F05	bc314	bc436	CTCTTATCG	GTGAACAGA	bc314_bc436
1143	1191	13	G05	bc321	bc436	CTGTCCGAT	GTGAACAGA	bc321_bc436
1144	1192	13	H05	bc324	bc436	CTTAGAGAG	GTGAACAGA	bc324_bc436
1177	1193	13	A06	bc272	bc471	CGCCATCTT	TAGGTTAGG	bc272_bc471
1178	1194	13	B06	bc277	bc471	CGCTTCGTT	TAGGTTAGG	bc277_bc471
1179	1195	13	C06	bc282	bc471	CGGTACTAG	TAGGTTAGG	bc282_bc471
1180	1196	13	D06	bc286	bc471	CGTCATAAG	TAGGTTAGG	bc286_bc471
1181	1197	13	E06	bc298	bc471	CTACTGGTG	TAGGTTAGG	bc298_bc471
1182	1198	13	F06	bc314	bc471	CTCTTATCG	TAGGTTAGG	bc314_bc471
1183	1199	13	G06	bc321	bc471	CTGTCCGAT	TAGGTTAGG	bc321_bc471
1184	1200	13	H06	bc324	bc471	CTTAGAGAG	TAGGTTAGG	bc324_bc471
1217	1201	13	A07	bc272	bc488	CGCCATCTT	TCCGTATCC	bc272_bc488
1218	1202	13	B07	bc277	bc488	CGCTTCGTT	TCCGTATCC	bc277_bc488
1219	1203	13	C07	bc282	bc488	CGGTACTAG	TCCGTATCC	bc282_bc488
1220	1204	13	D07	bc286	bc488	CGTCATAAG	TCCGTATCC	bc286_bc488
1221	1205	13	E07	bc298	bc488	CTACTGGTG	TCCGTATCC	bc298_bc488
1222	1206	13	F07	bc314	bc488	CTCTTATCG	TCCGTATCC	bc314_bc488
1223	1207	13	G07	bc321	bc488	CTGTCCGAT	TCCGTATCC	bc321_bc488
1224	1208	13	H07	bc324	bc488	CTTAGAGAG	TCCGTATCC	bc324_bc488
1257	1209	13	A08	bc272	bc497	CGCCATCTT	TCGCTCCTA	bc272_bc497
1258	1210	13	B08	bc277	bc497	CGCTTCGTT	TCGCTCCTA	bc277_bc497
1259	1211	13	C08	bc282	bc497	CGGTACTAG	TCGCTCCTA	bc282_bc497
1260	1212	13	D08	bc286	bc497	CGTCATAAG	TCGCTCCTA	bc286_bc497
1261	1213	13	E08	bc298	bc497	CTACTGGTG	TCGCTCCTA	bc298_bc497
1262	1214	13	F08	bc314	bc497	CTCTTATCG	TCGCTCCTA	bc314_bc497
1263	1215	13	G08	bc321	bc497	CTGTCCGAT	TCGCTCCTA	bc321_bc497
1264	1216	13	H08	bc324	bc497	CTTAGAGAG	TCGCTCCTA	bc324_bc497
1297	1217	13	A09	bc272	bc500	CGCCATCTT	TCGTTAGTC	bc272_bc500
1298	1218	13	B09	bc277	bc500	CGCTTCGTT	TCGTTAGTC	bc277_bc500
1299	1219	13	C09	bc282	bc500	CGGTACTAG	TCGTTAGTC	bc282_bc500
1300	1220	13	D09	bc286	bc500	CGTCATAAG	TCGTTAGTC	bc286_bc500
1301	1221	13	E09	bc298	bc500	CTACTGGTG	TCGTTAGTC	bc298_bc500
1302	1222	13	F09	bc314	bc500	CTCTTATCG	TCGTTAGTC	bc314_bc500
1303	1223	13	G09	bc321	bc500	CTGTCCGAT	TCGTTAGTC	bc321_bc500
1304	1224	13	H09	bc324	bc500	CTTAGAGAG	TCGTTAGTC	bc324_bc500
1337	1225	13	A10	bc272	bc508	CGCCATCTT	TGAAGTGCC	bc272_bc508
1338	1226	13	B10	bc277	bc508	CGCTTCGTT	TGAAGTGCC	bc277_bc508
1339	1227	13	C10	bc282	bc508	CGGTACTAG	TGAAGTGCC	bc282_bc508
1340	1228	13	D10	bc286	bc508	CGTCATAAG	TGAAGTGCC	bc286_bc508
1341	1229	13	E10	bc298	bc508	CTACTGGTG	TGAAGTGCC	bc298_bc508
1342	1230	13	F10	bc314	bc508	CTCTTATCG	TGAAGTGCC	bc314_bc508
1343	1231	13	G10	bc321	bc508	CTGTCCGAT	TGAAGTGCC	bc321_bc508
1344	1232	13	H10	bc324	bc508	CTTAGAGAG	TGAAGTGCC	bc324_bc508
1377	1233	13	A11	bc272	bc516	CGCCATCTT	TGATGGTTC	bc272_bc516
1378	1234	13	B11	bc277	bc516	CGCTTCGTT	TGATGGTTC	bc277_bc516
1379	1235	13	C11	bc282	bc516	CGGTACTAG	TGATGGTTC	bc282_bc516
1380	1236	13	D11	bc286	bc516	CGTCATAAG	TGATGGTTC	bc286_bc516
1381	1237	13	E11	bc298	bc516	CTACTGGTG	TGATGGTTC	bc298_bc516
1382	1238	13	F11	bc314	bc516	CTCTTATCG	TGATGGTTC	bc314_bc516
1383	1239	13	G11	bc321	bc516	CTGTCCGAT	TGATGGTTC	bc321_bc516
1384	1240	13	H11	bc324	bc516	CTTAGAGAG	TGATGGTTC	bc324_bc516
1417	1241	13	A12	bc272	bc538	CGCCATCTT	TTAAGGTGG	bc272_bc538
1418	1242	13	B12	bc277	bc538	CGCTTCGTT	TTAAGGTGG	bc277_bc538
1419	1243	13	C12	bc282	bc538	CGGTACTAG	TTAAGGTGG	bc282_bc538
1420	1244	13	D12	bc286	bc538	CGTCATAAG	TTAAGGTGG	bc286_bc538
1421	1245	13	E12	bc298	bc538	CTACTGGTG	TTAAGGTGG	bc298_bc538
1422	1246	13	F12	bc314	bc538	CTCTTATCG	TTAAGGTGG	bc314_bc538
1423	1247	13	G12	bc321	bc538	CTGTCCGAT	TTAAGGTGG	bc321_bc538
1424	1248	13	H12	bc324	bc538	CTTAGAGAG	TTAAGGTGG	bc324_bc538
985	1249	14	A01	bc327	bc411	CTTGACGTT	GGTCTATGG	bc327_bc411
986	1250	14	B01	bc357	bc411	GATACTTCG	GGTCTATGG	bc357_bc411
987	1251	14	C01	bc361	bc411	GATGGTAAG	GGTCTATGG	bc361_bc411
988	1252	14	D01	bc362	bc411	GATGTACTG	GGTCTATGG	bc362_bc411
989	1253	14	E01	bc368	bc411	GCACGTAAT	GGTCTATGG	bc368_bc411
990	1254	14	F01	bc370	bc411	GCAGAGGTT	GGTCTATGG	bc370_bc411
991	1255	14	G01	bc377	bc411	GCCTCATAT	GGTCTATGG	bc377_bc411
992	1256	14	H01	bc406	bc411	GGATTCATG	GGTCTATGG	bc406_bc411
1025	1257	14	A02	bc327	bc413	CTTGACGTT	GGTGACTTA	bc327_bc413
1026	1258	14	B02	bc357	bc413	GATACTTCG	GGTGACTTA	bc357_bc413
1027	1259	14	C02	bc361	bc413	GATGGTAAG	GGTGACTTA	bc361_bc413
1028	1260	14	D02	bc362	bc413	GATGTACTG	GGTGACTTA	bc362_bc413
1029	1261	14	E02	bc368	bc413	GCACGTAAT	GGTGACTTA	bc368_bc413
1030	1262	14	F02	bc370	bc413	GCAGAGGTT	GGTGACTTA	bc370_bc413
1031	1263	14	G02	bc377	bc413	GCCTCATAT	GGTGACTTA	bc377_bc413
1032	1264	14	H02	bc406	bc413	GGATTCATG	GGTGACTTA	bc406_bc413
1065	1265	14	A03	bc327	bc414	CTTGACGTT	GGTGTCAGT	bc327_bc414
1066	1266	14	B03	bc357	bc414	GATACTTCG	GGTGTCAGT	bc357_bc414
1067	1267	14	C03	bc361	bc414	GATGGTAAG	GGTGTCAGT	bc361_bc414
1068	1268	14	D03	bc362	bc414	GATGTACTG	GGTGTCAGT	bc362_bc414
1069	1269	14	E03	bc368	bc414	GCACGTAAT	GGTGTCAGT	bc368_bc414
1070	1270	14	F03	bc370	bc414	GCAGAGGTT	GGTGTCAGT	bc370_bc414
1071	1271	14	G03	bc377	bc414	GCCTCATAT	GGTGTCAGT	bc377_bc414
1072	1272	14	H03	bc406	bc414	GGATTCATG	GGTGTCAGT	bc406_bc414
1105	1273	14	A04	bc327	bc418	CTTGACGTT	GTAAGCCTG	bc327_bc418
1106	1274	14	B04	bc357	bc418	GATACTTCG	GTAAGCCTG	bc357_bc418
1107	1275	14	C04	bc361	bc418	GATGGTAAG	GTAAGCCTG	bc361_bc418
1108	1276	14	D04	bc362	bc418	GATGTACTG	GTAAGCCTG	bc362_bc418
1109	1277	14	E04	bc368	bc418	GCACGTAAT	GTAAGCCTG	bc368_bc418
1110	1278	14	F04	bc370	bc418	GCAGAGGTT	GTAAGCCTG	bc370_bc418
1111	1279	14	G04	bc377	bc418	GCCTCATAT	GTAAGCCTG	bc377_bc418
1112	1280	14	H04	bc406	bc418	GGATTCATG	GTAAGCCTG	bc406_bc418
1145	1281	14	A05	bc327	bc436	CTTGACGTT	GTGAACAGA	bc327_bc436
1146	1282	14	B05	bc357	bc436	GATACTTCG	GTGAACAGA	bc357_bc436
1147	1283	14	C05	bc361	bc436	GATGGTAAG	GTGAACAGA	bc361_bc436
1148	1284	14	D05	bc362	bc436	GATGTACTG	GTGAACAGA	bc362_bc436
1149	1285	14	E05	bc368	bc436	GCACGTAAT	GTGAACAGA	bc368_bc436
1150	1286	14	F05	bc370	bc436	GCAGAGGTT	GTGAACAGA	bc370_bc436
1151	1287	14	G05	bc377	bc436	GCCTCATAT	GTGAACAGA	bc377_bc436
1152	1288	14	H05	bc406	bc436	GGATTCATG	GTGAACAGA	bc406_bc436
1185	1289	14	A06	bc327	bc471	CTTGACGTT	TAGGTTAGG	bc327_bc471
1186	1290	14	B06	bc357	bc471	GATACTTCG	TAGGTTAGG	bc357_bc471
1187	1291	14	C06	bc361	bc471	GATGGTAAG	TAGGTTAGG	bc361_bc471
1188	1292	14	D06	bc362	bc471	GATGTACTG	TAGGTTAGG	bc362_bc471
1189	1293	14	E06	bc368	bc471	GCACGTAAT	TAGGTTAGG	bc368_bc471
1190	1294	14	F06	bc370	bc471	GCAGAGGTT	TAGGTTAGG	bc370_bc471
1191	1295	14	G06	bc377	bc471	GCCTCATAT	TAGGTTAGG	bc377_bc471
1192	1296	14	H06	bc406	bc471	GGATTCATG	TAGGTTAGG	bc406_bc471
1225	1297	14	A07	bc327	bc488	CTTGACGTT	TCCGTATCC	bc327_bc488
1226	1298	14	B07	bc357	bc488	GATACTTCG	TCCGTATCC	bc357_bc488
1227	1299	14	C07	bc361	bc488	GATGGTAAG	TCCGTATCC	bc361_bc488
1228	1300	14	D07	bc362	bc488	GATGTACTG	TCCGTATCC	bc362_bc488
1229	1301	14	E07	bc368	bc488	GCACGTAAT	TCCGTATCC	bc368_bc488
1230	1302	14	F07	bc370	bc488	GCAGAGGTT	TCCGTATCC	bc370_bc488
1231	1303	14	G07	bc377	bc488	GCCTCATAT	TCCGTATCC	bc377_bc488
1232	1304	14	H07	bc406	bc488	GGATTCATG	TCCGTATCC	bc406_bc488
1265	1305	14	A08	bc327	bc497	CTTGACGTT	TCGCTCCTA	bc327_bc497
1266	1306	14	B08	bc357	bc497	GATACTTCG	TCGCTCCTA	bc357_bc497
1267	1307	14	C08	bc361	bc497	GATGGTAAG	TCGCTCCTA	bc361_bc497
1268	1308	14	D08	bc362	bc497	GATGTACTG	TCGCTCCTA	bc362_bc497
1269	1309	14	E08	bc368	bc497	GCACGTAAT	TCGCTCCTA	bc368_bc497
1270	1310	14	F08	bc370	bc497	GCAGAGGTT	TCGCTCCTA	bc370_bc497
1271	1311	14	G08	bc377	bc497	GCCTCATAT	TCGCTCCTA	bc377_bc497
1272	1312	14	H08	bc406	bc497	GGATTCATG	TCGCTCCTA	bc406_bc497
1305	1313	14	A09	bc327	bc500	CTTGACGTT	TCGTTAGTC	bc327_bc500
1306	1314	14	B09	bc357	bc500	GATACTTCG	TCGTTAGTC	bc357_bc500
1307	1315	14	C09	bc361	bc500	GATGGTAAG	TCGTTAGTC	bc361_bc500
1308	1316	14	D09	bc362	bc500	GATGTACTG	TCGTTAGTC	bc362_bc500
1309	1317	14	E09	bc368	bc500	GCACGTAAT	TCGTTAGTC	bc368_bc500
1310	1318	14	F09	bc370	bc500	GCAGAGGTT	TCGTTAGTC	bc370_bc500
1311	1319	14	G09	bc377	bc500	GCCTCATAT	TCGTTAGTC	bc377_bc500
1312	1320	14	H09	bc406	bc500	GGATTCATG	TCGTTAGTC	bc406_bc500
1345	1321	14	A10	bc327	bc508	CTTGACGTT	TGAAGTGCC	bc327_bc508
1346	1322	14	B10	bc357	bc508	GATACTTCG	TGAAGTGCC	bc357_bc508
1347	1323	14	C10	bc361	bc508	GATGGTAAG	TGAAGTGCC	bc361_bc508
1348	1324	14	D10	bc362	bc508	GATGTACTG	TGAAGTGCC	bc362_bc508
1349	1325	14	E10	bc368	bc508	GCACGTAAT	TGAAGTGCC	bc368_bc508
1350	1326	14	F10	bc370	bc508	GCAGAGGTT	TGAAGTGCC	bc370_bc508
1351	1327	14	G10	bc377	bc508	GCCTCATAT	TGAAGTGCC	bc377_bc508
1352	1328	14	H10	bc406	bc508	GGATTCATG	TGAAGTGCC	bc406_bc508
1385	1329	14	A11	bc327	bc516	CTTGACGTT	TGATGGTTC	bc327_bc516
1386	1330	14	B11	bc357	bc516	GATACTTCG	TGATGGTTC	bc357_bc516
1387	1331	14	C11	bc361	bc516	GATGGTAAG	TGATGGTTC	bc361_bc516
1388	1332	14	D11	bc362	bc516	GATGTACTG	TGATGGTTC	bc362_bc516
1389	1333	14	E11	bc368	bc516	GCACGTAAT	TGATGGTTC	bc368_bc516
1390	1334	14	F11	bc370	bc516	GCAGAGGTT	TGATGGTTC	bc370_bc516
1391	1335	14	G11	bc377	bc516	GCCTCATAT	TGATGGTTC	bc377_bc516
1392	1336	14	H11	bc406	bc516	GGATTCATG	TGATGGTTC	bc406_bc516
1425	1337	14	A12	bc327	bc538	CTTGACGTT	TTAAGGTGG	bc327_bc538
1426	1338	14	B12	bc357	bc538	GATACTTCG	TTAAGGTGG	bc357_bc538
1427	1339	14	C12	bc361	bc538	GATGGTAAG	TTAAGGTGG	bc361_bc538
1428	1340	14	D12	bc362	bc538	GATGTACTG	TTAAGGTGG	bc362_bc538
1429	1341	14	E12	bc368	bc538	GCACGTAAT	TTAAGGTGG	bc368_bc538
1430	1342	14	F12	bc370	bc538	GCAGAGGTT	TTAAGGTGG	bc370_bc538
1431	1343	14	G12	bc377	bc538	GCCTCATAT	TTAAGGTGG	bc377_bc538
1432	1344	14	H12	bc406	bc538	GGATTCATG	TTAAGGTGG	bc406_bc538
993	1345	15	A01	bc411	bc411	GGTCTATGG	GGTCTATGG	bc411_bc411
994	1346	15	B01	bc418	bc411	GTAAGCCTG	GGTCTATGG	bc418_bc411
995	1347	15	C01	bc449	bc411	GTTCGTCCT	GGTCTATGG	bc449_bc411
996	1348	15	D01	bc462	bc411	TACGCATGG	GGTCTATGG	bc462_bc411
997	1349	15	E01	bc485	bc411	TCCACAATG	GGTCTATGG	bc485_bc411
998	1350	15	F01	bc486	bc411	TCCAGGTCT	GGTCTATGG	bc486_bc411
999	1351	15	G01	bc494	bc411	TCGAGTGAT	GGTCTATGG	bc494_bc411
1000	1352	15	H01	bc538	bc411	TTAAGGTGG	GGTCTATGG	bc538_bc411
1033	1353	15	A02	bc411	bc413	GGTCTATGG	GGTGACTTA	bc411_bc413
1034	1354	15	B02	bc418	bc413	GTAAGCCTG	GGTGACTTA	bc418_bc413
1035	1355	15	C02	bc449	bc413	GTTCGTCCT	GGTGACTTA	bc449_bc413
1036	1356	15	D02	bc462	bc413	TACGCATGG	GGTGACTTA	bc462_bc413
1037	1357	15	E02	bc485	bc413	TCCACAATG	GGTGACTTA	bc485_bc413
1038	1358	15	F02	bc486	bc413	TCCAGGTCT	GGTGACTTA	bc486_bc413
1039	1359	15	G02	bc494	bc413	TCGAGTGAT	GGTGACTTA	bc494_bc413
1040	1360	15	H02	bc538	bc413	TTAAGGTGG	GGTGACTTA	bc538_bc413
1073	1361	15	A03	bc411	bc414	GGTCTATGG	GGTGTCAGT	bc411_bc414
1074	1362	15	B03	bc418	bc414	GTAAGCCTG	GGTGTCAGT	bc418_bc414
1075	1363	15	C03	bc449	bc414	GTTCGTCCT	GGTGTCAGT	bc449_bc414
1076	1364	15	D03	bc462	bc414	TACGCATGG	GGTGTCAGT	bc462_bc414
1077	1365	15	E03	bc485	bc414	TCCACAATG	GGTGTCAGT	bc485_bc414
1078	1366	15	F03	bc486	bc414	TCCAGGTCT	GGTGTCAGT	bc486_bc414
1079	1367	15	G03	bc494	bc414	TCGAGTGAT	GGTGTCAGT	bc494_bc414
1080	1368	15	H03	bc538	bc414	TTAAGGTGG	GGTGTCAGT	bc538_bc414
1113	1369	15	A04	bc411	bc418	GGTCTATGG	GTAAGCCTG	bc411_bc418
1114	1370	15	B04	bc418	bc418	GTAAGCCTG	GTAAGCCTG	bc418_bc418
1115	1371	15	C04	bc449	bc418	GTTCGTCCT	GTAAGCCTG	bc449_bc418
1116	1372	15	D04	bc462	bc418	TACGCATGG	GTAAGCCTG	bc462_bc418
1117	1373	15	E04	bc485	bc418	TCCACAATG	GTAAGCCTG	bc485_bc418
1118	1374	15	F04	bc486	bc418	TCCAGGTCT	GTAAGCCTG	bc486_bc418
1119	1375	15	G04	bc494	bc418	TCGAGTGAT	GTAAGCCTG	bc494_bc418
1120	1376	15	H04	bc538	bc418	TTAAGGTGG	GTAAGCCTG	bc538_bc418
1153	1377	15	A05	bc411	bc436	GGTCTATGG	GTGAACAGA	bc411_bc436
1154	1378	15	B05	bc418	bc436	GTAAGCCTG	GTGAACAGA	bc418_bc436
1155	1379	15	C05	bc449	bc436	GTTCGTCCT	GTGAACAGA	bc449_bc436
1156	1380	15	D05	bc462	bc436	TACGCATGG	GTGAACAGA	bc462_bc436
1157	1381	15	E05	bc485	bc436	TCCACAATG	GTGAACAGA	bc485_bc436
1158	1382	15	F05	bc486	bc436	TCCAGGTCT	GTGAACAGA	bc486_bc436
1159	1383	15	G05	bc494	bc436	TCGAGTGAT	GTGAACAGA	bc494_bc436
1160	1384	15	H05	bc538	bc436	TTAAGGTGG	GTGAACAGA	bc538_bc436
1193	1385	15	A06	bc411	bc471	GGTCTATGG	TAGGTTAGG	bc411_bc471
1194	1386	15	B06	bc418	bc471	GTAAGCCTG	TAGGTTAGG	bc418_bc471
1195	1387	15	C06	bc449	bc471	GTTCGTCCT	TAGGTTAGG	bc449_bc471
1196	1388	15	D06	bc462	bc471	TACGCATGG	TAGGTTAGG	bc462_bc471
1197	1389	15	E06	bc485	bc471	TCCACAATG	TAGGTTAGG	bc485_bc471
1198	1390	15	F06	bc486	bc471	TCCAGGTCT	TAGGTTAGG	bc486_bc471
1199	1391	15	G06	bc494	bc471	TCGAGTGAT	TAGGTTAGG	bc494_bc471
1200	1392	15	H06	bc538	bc471	TTAAGGTGG	TAGGTTAGG	bc538_bc471
1233	1393	15	A07	bc411	bc488	GGTCTATGG	TCCGTATCC	bc411_bc488
1234	1394	15	B07	bc418	bc488	GTAAGCCTG	TCCGTATCC	bc418_bc488
1235	1395	15	C07	bc449	bc488	GTTCGTCCT	TCCGTATCC	bc449_bc488
1236	1396	15	D07	bc462	bc488	TACGCATGG	TCCGTATCC	bc462_bc488
1237	1397	15	E07	bc485	bc488	TCCACAATG	TCCGTATCC	bc485_bc488
1238	1398	15	F07	bc486	bc488	TCCAGGTCT	TCCGTATCC	bc486_bc488
1239	1399	15	G07	bc494	bc488	TCGAGTGAT	TCCGTATCC	bc494_bc488
1240	1400	15	H07	bc538	bc488	TTAAGGTGG	TCCGTATCC	bc538_bc488
1273	1401	15	A08	bc411	bc497	GGTCTATGG	TCGCTCCTA	bc411_bc497
1274	1402	15	B08	bc418	bc497	GTAAGCCTG	TCGCTCCTA	bc418_bc497
1275	1403	15	C08	bc449	bc497	GTTCGTCCT	TCGCTCCTA	bc449_bc497
1276	1404	15	D08	bc462	bc497	TACGCATGG	TCGCTCCTA	bc462_bc497
1277	1405	15	E08	bc485	bc497	TCCACAATG	TCGCTCCTA	bc485_bc497
1278	1406	15	F08	bc486	bc497	TCCAGGTCT	TCGCTCCTA	bc486_bc497
1279	1407	15	G08	bc494	bc497	TCGAGTGAT	TCGCTCCTA	bc494_bc497
1280	1408	15	H08	bc538	bc497	TTAAGGTGG	TCGCTCCTA	bc538_bc497
1313	1409	15	A09	bc411	bc500	GGTCTATGG	TCGTTAGTC	bc411_bc500
1314	1410	15	B09	bc418	bc500	GTAAGCCTG	TCGTTAGTC	bc418_bc500
1315	1411	15	C09	bc449	bc500	GTTCGTCCT	TCGTTAGTC	bc449_bc500
1316	1412	15	D09	bc462	bc500	TACGCATGG	TCGTTAGTC	bc462_bc500
1317	1413	15	E09	bc485	bc500	TCCACAATG	TCGTTAGTC	bc485_bc500
1318	1414	15	F09	bc486	bc500	TCCAGGTCT	TCGTTAGTC	bc486_bc500
1319	1415	15	G09	bc494	bc500	TCGAGTGAT	TCGTTAGTC	bc494_bc500
1320	1416	15	H09	bc538	bc500	TTAAGGTGG	TCGTTAGTC	bc538_bc500
1353	1417	15	A10	bc411	bc508	GGTCTATGG	TGAAGTGCC	bc411_bc508
1354	1418	15	B10	bc418	bc508	GTAAGCCTG	TGAAGTGCC	bc418_bc508
1355	1419	15	C10	bc449	bc508	GTTCGTCCT	TGAAGTGCC	bc449_bc508
1356	1420	15	D10	bc462	bc508	TACGCATGG	TGAAGTGCC	bc462_bc508
1357	1421	15	E10	bc485	bc508	TCCACAATG	TGAAGTGCC	bc485_bc508
1358	1422	15	F10	bc486	bc508	TCCAGGTCT	TGAAGTGCC	bc486_bc508
1359	1423	15	G10	bc494	bc508	TCGAGTGAT	TGAAGTGCC	bc494_bc508
1360	1424	15	H10	bc538	bc508	TTAAGGTGG	TGAAGTGCC	bc538_bc508
1393	1425	15	A11	bc411	bc516	GGTCTATGG	TGATGGTTC	bc411_bc516
1394	1426	15	B11	bc418	bc516	GTAAGCCTG	TGATGGTTC	bc418_bc516
1395	1427	15	C11	bc449	bc516	GTTCGTCCT	TGATGGTTC	bc449_bc516
1396	1428	15	D11	bc462	bc516	TACGCATGG	TGATGGTTC	bc462_bc516
1397	1429	15	E11	bc485	bc516	TCCACAATG	TGATGGTTC	bc485_bc516
1398	1430	15	F11	bc486	bc516	TCCAGGTCT	TGATGGTTC	bc486_bc516
1399	1431	15	G11	bc494	bc516	TCGAGTGAT	TGATGGTTC	bc494_bc516
1400	1432	15	H11	bc538	bc516	TTAAGGTGG	TGATGGTTC	bc538_bc516
1433	1433	15	A12	bc411	bc538	GGTCTATGG	TTAAGGTGG	bc411_bc538
1434	1434	15	B12	bc418	bc538	GTAAGCCTG	TTAAGGTGG	bc418_bc538
1435	1435	15	C12	bc449	bc538	GTTCGTCCT	TTAAGGTGG	bc449_bc538
1436	1436	15	D12	bc462	bc538	TACGCATGG	TTAAGGTGG	bc462_bc538
1437	1437	15	E12	bc485	bc538	TCCACAATG	TTAAGGTGG	bc485_bc538
1438	1438	15	F12	bc486	bc538	TCCAGGTCT	TTAAGGTGG	bc486_bc538
1439	1439	15	G12	bc494	bc538	TCGAGTGAT	TTAAGGTGG	bc494_bc538
1440	1440	15	H12	bc538	bc538	TTAAGGTGG	TTAAGGTGG	bc538_bc538
